id,trial_num,frame_position,frame_id,x_head,y_head,x_tail,y_tail
1,37,1000,0,150.8883056640625,96.42794799804688,52.19649887084961,105.78260803222656
2,37,1000,1,148.44686889648438,59.3150634765625,49.189598083496094,144.6090850830078
3,37,1000,2,137.8277587890625,92.97771453857422,58.43546676635742,104.0278091430664
4,37,1001,0,150.81309509277344,95.6259994506836,53.48198318481445,105.57350158691406
5,37,1001,1,148.33554077148438,58.77870559692383,50.55685043334961,144.5803680419922
6,37,1001,2,138.3861541748047,92.12779998779297,58.384090423583984,103.78276824951172
7,37,1002,0,150.11668395996094,94.97233581542969,53.63579559326172,105.38736724853516
8,37,1002,1,147.64089965820312,59.39549255371094,50.767391204833984,145.24356079101562
9,37,1002,2,137.82403564453125,91.43839263916016,57.71147918701172,103.57675170898438
10,37,1003,0,150.70750427246094,94.22459411621094,54.20392608642578,104.45948028564453
11,37,1003,1,148.2317657470703,58.756866455078125,51.4117546081543,145.73521423339844
12,37,1003,2,138.44090270996094,90.63549041748047,57.197662353515625,102.57479095458984
13,37,1004,0,149.9937744140625,93.10009765625,55.43057632446289,104.27452850341797
14,37,1004,1,147.48153686523438,58.788795471191406,52.691104888916016,145.34402465820312
15,37,1004,2,138.47589111328125,89.44853210449219,57.5135612487793,102.35929870605469
16,37,1005,0,150.04452514648438,92.73135375976562,56.15144348144531,104.17845153808594
17,37,1005,1,147.53408813476562,58.724693298339844,53.51481628417969,146.1533966064453
18,37,1005,2,138.5438995361328,89.05487823486328,56.6555290222168,102.23812866210938
19,37,1006,0,148.7125701904297,91.98150634765625,56.99833297729492,103.96392822265625
20,37,1006,1,146.07972717285156,58.133323669433594,54.39332580566406,145.8081512451172
21,37,1006,2,139.2382049560547,88.28247833251953,56.95064163208008,101.9974594116211
22,37,1007,0,147.7534637451172,92.42374420166016,57.686893463134766,104.64693450927734
23,37,1007,1,145.0542449951172,58.11745834350586,55.15947723388672,146.35513305664062
24,37,1007,2,139.3085479736328,88.7706069946289,56.34384536743164,102.70867919921875
25,37,1008,0,146.74822998046875,91.30989837646484,58.36903762817383,105.30430603027344
26,37,1008,1,143.92625427246094,57.17561340332031,55.889652252197266,146.4794464111328
27,37,1008,2,140.3402557373047,87.60689544677734,56.16228485107422,103.39599609375
28,37,1009,0,144.88629150390625,90.96234130859375,59.263160705566406,105.63800048828125
29,37,1009,1,141.99891662597656,57.953670501708984,56.89671325683594,147.31283569335938
30,37,1009,2,139.68626403808594,87.26276397705078,55.260929107666016,103.72942352294922
31,37,1010,0,144.55531311035156,90.57489776611328,59.29013442993164,106.34748077392578
32,37,1010,1,141.6571807861328,58.06780242919922,56.92987823486328,147.4483642578125
33,37,1010,2,139.60040283203125,86.85441589355469,55.10988998413086,104.48368072509766
34,37,1011,0,142.8217010498047,89.60560607910156,60.394500732421875,106.17504119873047
35,37,1011,1,139.78509521484375,57.60355758666992,58.152957916259766,148.1228790283203
36,37,1011,2,140.1970672607422,85.8539810180664,54.36358642578125,104.27558135986328
37,37,1012,0,141.8436279296875,89.9854965209961,59.80856704711914,107.31640625
38,37,1012,1,138.73629760742188,57.53702163696289,57.51324462890625,148.0035858154297
39,37,1012,2,140.32064819335938,86.27627563476562,54.50046920776367,105.50255584716797
40,37,1013,0,141.1029052734375,88.94470977783203,61.0473518371582,107.52824401855469
41,37,1013,1,137.90625,56.837154388427734,58.810874938964844,147.72506713867188
42,37,1013,2,141.09078979492188,85.18411254882812,54.69520568847656,105.70877075195312
43,37,1014,0,139.49835205078125,88.77285766601562,60.33818435668945,108.79546356201172
44,37,1014,1,136.25698852539062,57.689144134521484,58.101287841796875,148.50144958496094
45,37,1014,2,140.34259033203125,85.02238464355469,53.938560485839844,107.0650863647461
46,37,1015,0,137.3583221435547,89.2923355102539,60.37028121948242,111.2265396118164
47,37,1015,1,133.9496612548828,57.33866500854492,58.10637283325195,148.31211853027344
48,37,1015,2,140.8241729736328,85.6156005859375,54.08177947998047,109.65552520751953
49,37,1016,0,135.21914672851562,88.35763549804688,60.55375289916992,111.78739166259766
50,37,1016,1,131.66909790039062,57.22158432006836,58.273380279541016,147.9617462158203
51,37,1016,2,141.09780883789062,84.65657043457031,54.4111213684082,110.2525634765625
52,37,1017,0,133.86026000976562,87.3405990600586,60.896575927734375,112.72731018066406
53,37,1017,1,130.21656799316406,57.049068450927734,58.62711715698242,147.89251708984375
54,37,1017,2,141.3779754638672,83.59664916992188,54.44085693359375,111.24842834472656
55,37,1018,0,133.46145629882812,86.42574310302734,60.412139892578125,114.73223876953125
56,37,1018,1,129.7459716796875,56.292423248291016,58.07536697387695,147.5633087158203
57,37,1018,2,142.18060302734375,82.63316345214844,54.76604461669922,113.39512634277344
58,37,1019,0,132.77467346191406,85.369873046875,60.98203659057617,115.72240447998047
59,37,1019,1,129.0194854736328,56.260746002197266,58.644046783447266,147.11224365234375
60,37,1019,2,142.27639770507812,81.51915740966797,55.16342544555664,114.44352722167969
61,37,1020,0,131.71810913085938,84.69096374511719,61.1840934753418,116.65921783447266
62,37,1020,1,127.93359375,56.76737594604492,58.821876525878906,146.66680908203125
63,37,1020,2,141.84869384765625,80.80973052978516,55.58013916015625,115.44149017333984
64,37,1021,0,131.30169677734375,83.55372619628906,61.89402770996094,117.2733383178711
65,37,1021,1,127.45861053466797,56.19825744628906,59.52227783203125,145.93031311035156
66,37,1021,2,142.46815490722656,79.60803985595703,56.261898040771484,116.08914947509766
67,37,1022,0,130.21165466308594,83.01763916015625,61.3221321105957,118.51400756835938
68,37,1022,1,126.3898696899414,57.485069274902344,58.84744644165039,145.09788513183594
69,37,1022,2,141.25648498535156,79.04598236083984,57.11207580566406,117.42723846435547
70,37,1023,0,130.41476440429688,82.30854034423828,62.19134521484375,119.28158569335938
71,37,1023,1,126.67964172363281,58.47529983520508,59.7450065612793,144.7733917236328
72,37,1023,2,140.26190185546875,78.27909851074219,57.366981506347656,118.23245239257812
73,37,1024,0,131.24916076660156,81.46900177001953,62.49849319458008,121.2184829711914
74,37,1024,1,127.5138168334961,57.59386444091797,60.10557556152344,145.44198608398438
75,37,1024,2,141.10845947265625,77.37528228759766,56.63999938964844,120.2853012084961
76,37,1025,0,131.51585388183594,80.78543090820312,64.45877838134766,122.64968872070312
77,37,1025,1,127.82488250732422,57.91307830810547,62.17759704589844,145.3650665283203
78,37,1025,2,140.78317260742188,76.63921356201172,56.563026428222656,121.77655792236328
79,37,1026,0,132.51515197753906,79.38748931884766,65.39542388916016,122.75501251220703
80,37,1026,1,128.9157257080078,58.1506233215332,63.10401916503906,144.3592529296875
81,37,1026,2,140.5054168701172,75.12918090820312,57.50979995727539,121.8805160522461
82,37,1027,0,133.52536010742188,78.55779266357422,67.15879821777344,123.38653564453125
83,37,1027,1,129.952880859375,57.496665954589844,64.95915222167969,144.10252380371094
84,37,1027,2,141.11192321777344,74.23114013671875,57.64091110229492,122.52486419677734
85,37,1028,0,134.6309814453125,77.13290405273438,68.31979370117188,123.62812805175781
86,37,1028,1,131.15789794921875,57.74384689331055,66.16455841064453,143.6875457763672
87,37,1028,2,140.81808471679688,72.69036865234375,57.97734451293945,122.76555633544922
88,37,1029,0,134.8937225341797,75.97684478759766,69.08161926269531,124.04366302490234
89,37,1029,1,131.48379516601562,58.29273223876953,67.00611114501953,144.1707000732422
90,37,1029,2,140.27101135253906,71.44878387451172,57.43483352661133,123.19156646728516
91,37,1030,0,135.60829162597656,75.00119018554688,70.34976196289062,125.43233489990234
92,37,1030,1,132.1970672607422,57.494747161865234,68.30313110351562,143.5373992919922
93,37,1030,2,141.0440216064453,70.40109252929688,57.96249008178711,124.65400695800781
94,37,1031,0,136.5455322265625,75.70159149169922,72.76117706298828,126.09992980957031
95,37,1031,1,133.23760986328125,58.166534423828125,70.84873962402344,143.29066467285156
96,37,1031,2,140.29588317871094,71.12677001953125,58.040687561035156,125.32563018798828
97,37,1032,0,138.51797485351562,75.51802825927734,73.57352447509766,126.57872772216797
98,37,1032,1,135.29844665527344,57.550960540771484,71.73832702636719,143.69583129882812
99,37,1032,2,140.78965759277344,70.90071105957031,57.572052001953125,125.81879425048828
100,37,1033,0,139.19525146484375,75.60514068603516,74.19023132324219,126.83853149414062
101,37,1033,1,136.00535583496094,57.34060287475586,72.41699981689453,144.04286193847656
102,37,1033,2,140.95555114746094,70.98299407958984,57.17853927612305,126.08253479003906
103,37,1034,0,139.4589080810547,75.68042755126953,74.23770141601562,126.39729309082031
104,37,1034,1,136.25827026367188,56.9369010925293,72.35919189453125,142.44041442871094
105,37,1034,2,141.34266662597656,71.06120300292969,58.792503356933594,125.6242904663086
106,37,1035,0,140.67562866210938,75.05178833007812,75.81900787353516,126.76384735107422
107,37,1035,1,137.5731658935547,57.13771438598633,74.13357543945312,143.789794921875
108,37,1035,2,141.07366943359375,70.36790466308594,57.32768249511719,125.97737884521484
109,37,1036,0,141.57470703125,74.63361358642578,76.85423278808594,127.52847290039062
110,37,1036,1,138.48707580566406,56.45169448852539,75.1626968383789,142.8087615966797
111,37,1036,2,141.71209716796875,69.91072082519531,58.23121643066406,126.78187561035156
112,37,1037,0,142.92198181152344,75.09896087646484,77.24996185302734,127.09072875976562
113,37,1037,1,139.94386291503906,56.79996871948242,75.545654296875,142.21673583984375
114,37,1037,2,141.26657104492188,70.38092803955078,58.807857513427734,126.31356811523438
115,37,1038,0,143.5152130126953,75.32745361328125,78.06880187988281,127.10673522949219
116,37,1038,1,140.50587463378906,55.800174713134766,76.42623138427734,142.34793090820312
117,37,1038,2,142.2282257080078,70.62092590332031,58.62239074707031,126.3157730102539
118,37,1039,0,144.1955108642578,77.335693359375,79.27934265136719,126.65715026855469
119,37,1039,1,141.1968536376953,55.500587463378906,77.68163299560547,141.82540893554688
120,37,1039,2,142.44851684570312,72.7528305053711,59.07635498046875,125.82022094726562
121,37,1040,0,144.4500732421875,77.16829681396484,79.62805938720703,126.596435546875
122,37,1040,1,141.5092315673828,56.07698059082031,78.02346801757812,141.39723205566406
123,37,1040,2,141.8562774658203,72.56558227539062,59.4846305847168,125.75308227539062
124,37,1041,0,145.30120849609375,77.71100616455078,79.21385955810547,126.05474090576172
125,37,1041,1,142.3424530029297,55.054962158203125,77.60372924804688,141.65682983398438
126,37,1041,2,142.8178253173828,73.13642883300781,59.26082992553711,125.18144989013672
127,37,1042,0,145.42562866210938,78.41510009765625,79.442626953125,125.38841247558594
128,37,1042,1,142.44326782226562,54.658203125,77.84461212158203,141.55870056152344
129,37,1042,2,143.19557189941406,73.8876724243164,59.356597900390625,124.46866607666016
130,37,1043,0,144.7598419189453,78.60326385498047,79.24717712402344,125.88945007324219
131,37,1043,1,141.74623107910156,54.85332489013672,77.64022064208984,141.66232299804688
132,37,1043,2,143.03945922851562,74.09822082519531,59.25604248046875,125.00534057617188
133,37,1044,0,145.73770141601562,80.87911224365234,79.23078918457031,125.31954193115234
134,37,1044,1,142.70236206054688,53.82551193237305,77.58454132080078,141.0596923828125
135,37,1044,2,143.96705627441406,76.51553344726562,59.872615814208984,124.40335083007812
136,37,1045,0,145.48980712890625,80.8520736694336,79.29955291748047,124.77401733398438
137,37,1045,1,142.41847229003906,53.53181457519531,77.6433334350586,140.80308532714844
138,37,1045,2,144.27874755859375,76.49270629882812,60.13573455810547,123.82320404052734
139,37,1046,0,144.65724182128906,80.83302307128906,79.77483367919922,123.8919906616211
140,37,1046,1,141.61228942871094,54.7025032043457,78.20172882080078,141.48004150390625
141,37,1046,2,143.1573944091797,76.47838592529297,59.441097259521484,122.87039947509766
142,37,1047,0,145.1486053466797,81.62779235839844,79.69258880615234,122.95162963867188
143,37,1047,1,142.027587890625,53.202762603759766,78.04434204101562,140.3861846923828
144,37,1047,2,144.61753845214844,77.32763671875,60.56199264526367,121.87857055664062
145,37,1048,0,144.54249572753906,82.91907501220703,78.6343994140625,123.26588439941406
146,37,1048,1,141.3770294189453,53.25788116455078,76.9844970703125,141.38568115234375
147,37,1048,2,144.57809448242188,78.71472930908203,59.621482849121094,122.224365234375
148,37,1049,0,144.8486328125,84.41638946533203,79.00468444824219,122.00799560546875
149,37,1049,1,141.6353759765625,52.41463088989258,77.3422622680664,140.743408203125
150,37,1049,2,145.3780975341797,80.31202697753906,60.2652473449707,120.88294219970703
151,37,1050,0,144.81761169433594,85.99894714355469,78.7001724243164,122.12307739257812
152,37,1050,1,141.58888244628906,52.3708381652832,76.98159790039062,140.23130798339844
153,37,1050,2,145.3954315185547,82.00056457519531,60.7971305847168,121.01500701904297
154,37,1051,0,145.69703674316406,87.17015838623047,78.19667053222656,121.29061889648438
155,37,1051,1,142.52870178222656,52.520286560058594,76.42928314208984,139.92262268066406
156,37,1051,2,145.16714477539062,83.23332214355469,61.15506362915039,120.13939666748047
157,37,1052,0,144.7913055419922,88.99069213867188,77.45989990234375,120.48085021972656
158,37,1052,1,141.67982482910156,54.385093688964844,75.63999938964844,139.7811279296875
159,37,1052,2,143.31980895996094,85.17756652832031,61.35987854003906,119.29073333740234
160,37,1053,0,145.96527099609375,90.49805450439453,77.07749938964844,120.11248016357422
161,37,1053,1,142.8483428955078,53.33007049560547,75.24479675292969,139.92318725585938
162,37,1053,2,144.27610778808594,86.77216339111328,61.248809814453125,118.90404510498047
163,37,1054,0,146.50466918945312,92.20410919189453,76.92740631103516,119.26366424560547
164,37,1054,1,143.4515380859375,53.90651321411133,75.12335968017578,140.40167236328125
165,37,1054,2,143.6312255859375,88.57833862304688,60.79357147216797,117.9989013671875
166,37,1055,0,146.6724090576172,93.3719253540039,76.14945220947266,119.7964859008789
167,37,1055,1,143.6442108154297,54.21936798095703,74.3012924194336,140.54678344726562
168,37,1055,2,143.28501892089844,89.81864929199219,60.688697814941406,118.57925415039062
169,37,1056,0,147.71400451660156,95.0042495727539,75.88884735107422,119.11284637451172
170,37,1056,1,144.7705078125,54.612491607666016,74.01683044433594,140.38563537597656
171,37,1056,2,142.7930908203125,91.53884887695312,60.87989807128906,117.85684967041016
172,37,1057,0,147.22799682617188,96.03549194335938,74.05675506591797,119.09384155273438
173,37,1057,1,144.40283203125,56.89297103881836,72.08513641357422,140.66465759277344
174,37,1057,2,140.515380859375,92.63106536865234,60.71930694580078,117.86652374267578
175,37,1058,0,147.82713317871094,96.54704284667969,73.05805969238281,118.6310806274414
176,37,1058,1,145.0679473876953,57.325843811035156,71.01427459716797,140.51792907714844
177,37,1058,2,140.03260803222656,93.16321563720703,60.9400634765625,117.39213562011719
178,37,1059,0,147.1862335205078,97.81663513183594,70.94391632080078,117.68946838378906
179,37,1059,1,144.44146728515625,58.26739501953125,68.82209014892578,141.2860565185547
180,37,1059,2,139.10548400878906,94.5216293334961,60.323585510253906,116.42000579833984
181,37,1060,0,146.3010711669922,98.59148406982422,69.50914001464844,117.4935302734375
182,37,1060,1,143.57846069335938,59.505516052246094,67.28959655761719,141.20396423339844
183,37,1060,2,137.90530395507812,95.35447692871094,60.502925872802734,116.23700714111328
184,37,1061,0,146.37890625,99.4383544921875,69.02369689941406,117.37840270996094
185,37,1061,1,143.72250366210938,60.472068786621094,66.78447723388672,141.36839294433594
186,37,1061,2,136.91416931152344,96.24951171875,60.371421813964844,116.12177276611328
187,37,1062,0,146.58709716796875,100.64238739013672,67.53760528564453,116.03838348388672
188,37,1062,1,144.0084686279297,61.51769256591797,65.2132797241211,141.40957641601562
189,37,1062,2,135.8286590576172,97.52269744873047,60.45124435424805,114.71975708007812
190,37,1063,0,146.66619873046875,101.96299743652344,66.993896484375,115.20812225341797
191,37,1063,1,144.1285858154297,62.1639404296875,64.64354705810547,141.47000122070312
192,37,1063,2,135.15052795410156,98.92523193359375,60.44102478027344,113.8443374633789
193,37,1064,0,146.68577575683594,102.943115234375,65.64319610595703,114.40509796142578
194,37,1064,1,144.21490478515625,63.20762252807617,63.23133087158203,141.77572631835938
195,37,1064,2,134.08326721191406,99.96284484863281,60.23655700683594,113.01012420654297
196,37,1065,0,146.52613830566406,104.6885757446289,64.4156723022461,112.25203704833984
197,37,1065,1,144.05970764160156,63.592254638671875,61.918113708496094,141.49038696289062
198,37,1065,2,133.6756591796875,101.8244400024414,60.64225769042969,110.73973846435547
199,37,1066,0,145.57244873046875,105.41100311279297,62.530765533447266,111.68467712402344
200,37,1066,1,143.13075256347656,64.92802429199219,59.93025207519531,141.72047424316406
201,37,1066,2,132.3828125,102.60183715820312,60.54418182373047,110.16650390625
202,37,1067,0,145.53732299804688,106.27628326416016,62.29375076293945,110.90807342529297
203,37,1067,1,143.1405029296875,65.69511413574219,59.65439987182617,141.31373596191406
204,37,1067,2,131.59898376464844,103.51986694335938,60.982078552246094,109.34635162353516
205,37,1068,0,145.2132568359375,107.29280090332031,60.16234588623047,109.58792877197266
206,37,1068,1,142.96731567382812,68.2936019897461,57.37209701538086,141.01187133789062
207,37,1068,2,128.9915771484375,104.59124755859375,61.44792938232422,107.9792709350586
208,37,1069,0,145.587158203125,108.05072784423828,59.08529281616211,109.0063247680664
209,37,1069,1,143.48294067382812,70.06795501708984,56.246829986572266,141.2750244140625
210,37,1069,2,127.17141723632812,105.38066864013672,61.264286041259766,107.37652587890625
211,37,1070,0,145.98329162597656,109.6795425415039,58.05075454711914,107.3389892578125
212,37,1070,1,144.03851318359375,72.16542053222656,55.14982604980469,141.1909637451172
213,37,1070,2,125.0093765258789,107.09623718261719,61.44637680053711,105.61872100830078
214,37,1071,0,145.6780242919922,110.0367202758789,57.68507766723633,105.93580627441406
215,37,1071,1,143.78829956054688,73.28817749023438,54.79443359375,141.5556182861328
216,37,1071,2,123.89505004882812,107.47445678710938,61.129554748535156,104.12734985351562
217,37,1072,0,145.59518432617188,110.71949768066406,57.06598663330078,103.8727035522461
218,37,1072,1,143.8134307861328,75.00059509277344,54.157081604003906,141.68336486816406
219,37,1072,2,122.16805267333984,108.19197082519531,61.07915115356445,101.93893432617188
220,37,1073,0,146.88331604003906,111.259033203125,56.74277877807617,101.57720947265625
221,37,1073,1,145.23143005371094,75.71054077148438,53.7991943359375,141.27459716796875
222,37,1073,2,121.3616714477539,108.74044036865234,61.55244445800781,99.50164794921875
223,37,1074,0,147.38214111328125,111.86355590820312,56.28322219848633,99.12139892578125
224,37,1074,1,145.81442260742188,76.51496124267578,53.2788200378418,140.60098266601562
225,37,1074,2,120.51041412353516,109.37101745605469,62.3034553527832,96.89778900146484
226,37,1075,0,148.06246948242188,113.1125259399414,56.121456146240234,97.5755844116211
227,37,1075,1,146.62710571289062,77.9113540649414,53.084327697753906,140.13926696777344
228,37,1075,2,119.0409927368164,110.68159484863281,62.8056640625,95.25679779052734
229,37,1076,0,148.3198699951172,114.45155334472656,54.9030876159668,95.70169067382812
230,37,1076,1,146.95245361328125,78.78340911865234,51.85406494140625,140.93812561035156
231,37,1076,2,118.12406158447266,112.09915161132812,62.116973876953125,93.27539825439453
232,37,1077,0,147.94105529785156,114.78985595703125,55.55181121826172,94.79512023925781
233,37,1077,1,146.66346740722656,80.48124694824219,52.499874114990234,140.2072296142578
234,37,1077,2,116.4371337890625,112.45440673828125,62.82501220703125,92.30326080322266
235,37,1078,0,147.99574279785156,115.95567321777344,55.133811950683594,93.02206420898438
236,37,1078,1,146.69117736816406,80.1487808227539,52.02252197265625,139.5795440673828
237,37,1078,2,116.74645233154297,113.6993179321289,63.51469421386719,90.42567443847656
238,37,1079,0,147.44956970214844,116.91654968261719,55.22943115234375,91.19168853759766
239,37,1079,1,146.0880889892578,79.93350982666016,52.15258026123047,139.81907653808594
240,37,1079,2,116.98078155517578,114.73506164550781,63.301273345947266,88.47156524658203
241,37,1080,0,147.73939514160156,118.95652770996094,54.975738525390625,90.47977447509766
242,37,1080,1,146.36630249023438,79.68726348876953,51.80472183227539,138.63436889648438
243,37,1080,2,117.17231750488281,116.90763092041016,64.52012634277344,87.72592163085938
244,37,1081,0,147.3420867919922,120.45497131347656,55.22964096069336,89.5927505493164
245,37,1081,1,145.89312744140625,79.10777282714844,52.01799392700195,137.7297821044922
246,37,1081,2,117.75306701660156,118.51675415039062,65.42790222167969,86.78263854980469
247,37,1082,0,147.15489196777344,121.1658935546875,56.58649444580078,88.56432342529297
248,37,1082,1,145.57591247558594,77.46177673339844,53.422874450683594,137.05670166015625
249,37,1082,2,119.40584564208984,119.29008483886719,66.03408813476562,85.66752624511719
250,37,1083,0,147.42137145996094,122.49444580078125,56.4197998046875,88.49933624267578
251,37,1083,1,145.87380981445312,77.7931900024414,53.24185562133789,137.00439453125
252,37,1083,2,119.03158569335938,120.70025634765625,66.09848022460938,85.60144805908203
253,37,1084,0,146.9667205810547,123.64907836914062,57.7703742980957,87.834228515625
254,37,1084,1,145.31663513183594,76.84660339355469,54.58515167236328,135.57159423828125
255,37,1084,2,119.99108123779297,121.94634246826172,67.46125793457031,84.879150390625
256,37,1085,0,146.98712158203125,124.4134292602539,58.309391021728516,87.06172943115234
257,37,1085,1,145.2014617919922,74.92684173583984,55.148223876953125,135.34327697753906
258,37,1085,2,121.90446472167969,122.7751235961914,67.66941833496094,84.04786682128906
259,37,1086,0,147.60348510742188,125.19099426269531,58.572509765625,87.40279388427734
260,37,1086,1,145.7995147705078,74.14611053466797,55.42244338989258,135.2926483154297
261,37,1086,2,122.63475799560547,123.5997543334961,67.69674682617188,84.40696716308594
262,37,1087,0,146.0850830078125,126.03303527832031,59.0514030456543,87.22174835205078
263,37,1087,1,144.1620635986328,73.94329071044922,55.81664276123047,133.60491943359375
264,37,1087,2,122.92179870605469,124.52517700195312,69.3633804321289,84.21770477294922
265,37,1088,0,146.49998474121094,126.88141632080078,58.62746810913086,86.91043853759766
266,37,1088,1,144.4673309326172,72.03317260742188,55.38903045654297,133.92422485351562
267,37,1088,2,124.79841613769531,125.43680572509766,69.07588958740234,83.8908920288086
268,37,1089,0,146.1312255859375,128.35873413085938,59.71419906616211,86.8350601196289
269,37,1089,1,143.8540496826172,68.97019958496094,56.439476013183594,132.3739471435547
270,37,1089,2,127.87252044677734,127.04071044921875,70.56307983398438,83.80253601074219
271,37,1090,0,145.3909149169922,129.00051879882812,59.64300537109375,87.43340301513672
272,37,1090,1,142.9912109375,67.95441436767578,56.36507797241211,132.4550323486328
273,37,1090,2,128.92942810058594,127.74517822265625,70.47522735595703,84.4407958984375
274,37,1091,0,144.8739776611328,129.3077850341797,59.979610443115234,88.12945556640625
275,37,1091,1,142.4120330810547,67.56986236572266,56.64426040649414,131.37782287597656
276,37,1091,2,129.3437957763672,128.0845947265625,71.52210998535156,85.1844253540039
277,37,1092,0,144.5695037841797,129.32411193847656,59.72980499267578,88.27972412109375
278,37,1092,1,142.05047607421875,67.02855682373047,56.39028549194336,131.57020568847656
279,37,1092,2,129.9071807861328,128.1112518310547,71.34229278564453,85.3474349975586
280,37,1093,0,143.6644287109375,130.1412811279297,60.43028259277344,89.16204071044922
281,37,1093,1,140.95065307617188,65.13673400878906,57.05527114868164,130.4851837158203
282,37,1093,2,131.85159301757812,129.01177978515625,72.36998748779297,86.28329467773438
283,37,1094,0,142.34544372558594,131.07681274414062,59.6295280456543,89.01151275634766
284,37,1094,1,139.4630584716797,64.03263854980469,56.284420013427734,131.6600799560547
285,37,1094,2,133.02938842773438,130.03993225097656,71.24493408203125,86.12823486328125
286,37,1095,0,141.9453582763672,130.89028930664062,59.51689529418945,89.63136291503906
287,37,1095,1,138.9545135498047,62.81489944458008,56.08171844482422,130.5261688232422
288,37,1095,2,134.28216552734375,129.8566436767578,72.3793716430664,86.7989501953125
289,37,1096,0,140.99156188964844,131.9646453857422,59.558448791503906,91.026123046875
290,37,1096,1,137.8291473388672,61.332611083984375,56.09572982788086,130.22503662109375
291,37,1096,2,135.8136749267578,131.02935791015625,72.65342712402344,88.2868881225586
292,37,1097,0,141.4171142578125,131.21070861816406,60.23552703857422,91.5943374633789
293,37,1097,1,138.24754333496094,60.744300842285156,56.832916259765625,130.51405334472656
294,37,1097,2,136.39097595214844,130.2224578857422,72.3086929321289,88.87846374511719
295,37,1098,0,139.32492065429688,131.30064392089844,59.49867630004883,92.3461685180664
296,37,1098,1,135.96749877929688,60.015602111816406,56.072261810302734,130.9386444091797
297,37,1098,2,137.25709533691406,130.35911560058594,71.91638946533203,89.68949127197266
298,37,1099,0,139.6720428466797,130.59060668945312,59.515113830566406,91.89028930664062
299,37,1099,1,136.31890869140625,59.672760009765625,56.08696746826172,130.8579864501953
300,37,1099,2,137.59210205078125,129.59861755371094,72.00450134277344,89.20375061035156
301,37,1100,0,139.57168579101562,131.8312225341797,60.45924758911133,94.32412719726562
302,37,1100,1,136.12939453125,58.591278076171875,57.131046295166016,131.6495819091797
303,37,1100,2,138.6626739501953,130.93138122558594,71.10368347167969,91.77554321289062
304,37,1101,0,138.49777221679688,131.4579315185547,60.97195816040039,94.83771514892578
305,37,1101,1,134.9698486328125,58.33116912841797,57.727638244628906,132.4324493408203
306,37,1101,2,139.00050354003906,130.55343627929688,70.27471160888672,92.30819702148438
307,37,1102,0,139.12901306152344,132.4808349609375,61.13208770751953,96.37246704101562
308,37,1102,1,135.55043029785156,57.0892333984375,57.935543060302734,133.1222686767578
309,37,1102,2,140.18887329101562,131.64276123046875,69.54345703125,93.93612670898438
310,37,1103,0,138.42684936523438,132.1815948486328,61.776676177978516,97.16869354248047
311,37,1103,1,134.80252075195312,57.06185531616211,58.67001724243164,133.89498901367188
312,37,1103,2,140.26748657226562,131.3358612060547,68.7109375,94.76783752441406
313,37,1104,0,139.35806274414062,131.89369201660156,62.66705322265625,98.06541442871094
314,37,1104,1,135.7452392578125,56.30757141113281,59.668190002441406,134.7047882080078
315,37,1104,2,140.97035217285156,131.01861572265625,67.8233642578125,95.70211791992188
316,37,1105,0,138.42019653320312,131.0636444091797,62.93619918823242,99.34166717529297
317,37,1105,1,134.77012634277344,56.57645797729492,59.98453140258789,135.25938415527344
318,37,1105,2,140.77622985839844,130.14743041992188,67.22550201416016,97.05360412597656
319,37,1106,0,139.79837036132812,130.86090087890625,63.517982482910156,100.03546142578125
320,37,1106,1,136.12158203125,54.84623336791992,60.64922332763672,135.98074340820312
321,37,1106,2,142.42906188964844,129.92031860351562,66.45050048828125,97.77764129638672
322,37,1107,0,139.6068115234375,129.63754272460938,63.5030632019043,100.93537139892578
323,37,1107,1,135.93739318847656,55.011817932128906,60.65326690673828,136.3584747314453
324,37,1107,2,142.2975311279297,128.61770629882812,66.05558013916016,98.73426055908203
325,37,1108,0,138.6871795654297,128.29737854003906,64.50009155273438,101.51077270507812
326,37,1108,1,134.92581176757812,54.416629791259766,61.77060317993164,137.2186737060547
327,37,1108,2,142.9795379638672,127.2081298828125,65.1163101196289,99.32390594482422
328,37,1109,0,138.43885803222656,127.30218505859375,64.68365478515625,103.15544891357422
329,37,1109,1,134.6442108154297,54.06767654418945,62.01676559448242,138.11228942871094
330,37,1109,2,143.36444091796875,126.15338897705078,64.17682647705078,101.06712341308594
331,37,1110,0,137.79473876953125,127.33921813964844,65.4061508178711,103.09696197509766
332,37,1110,1,133.96946716308594,54.23884963989258,62.93827438354492,140.3098602294922
333,37,1110,2,143.23370361328125,126.20272827148438,61.92399978637695,100.97610473632812
334,37,1111,0,137.8870391845703,127.6749267578125,65.84811401367188,104.94330596923828
335,37,1111,1,134.02171325683594,53.597816467285156,63.445457458496094,141.01727294921875
336,37,1111,2,143.86582946777344,126.56389617919922,61.1509895324707,102.9311294555664
337,37,1112,0,138.82699584960938,126.06137084960938,66.13389587402344,104.85404968261719
338,37,1112,1,135.03067016601562,53.538509368896484,63.85960388183594,142.6013641357422
339,37,1112,2,143.89407348632812,124.82747650146484,59.543128967285156,102.81938934326172
340,37,1113,0,139.3383026123047,125.48704528808594,67.11544036865234,105.4659194946289
341,37,1113,1,135.54930114746094,53.09503173828125,64.8927001953125,142.48487854003906
342,37,1113,2,144.317138671875,124.20946502685547,59.584930419921875,103.45539093017578
343,37,1114,0,140.06581115722656,125.91390991210938,66.90760803222656,107.57435607910156
344,37,1114,1,136.29409790039062,52.68898391723633,64.72470092773438,143.46292114257812
345,37,1114,2,144.67047119140625,124.655517578125,58.577598571777344,105.69904327392578
346,37,1115,0,140.93031311035156,126.8756103515625,68.22172546386719,107.97257232666016
347,37,1115,1,137.1421356201172,51.713802337646484,66.15800476074219,143.991943359375
348,37,1115,2,145.5769805908203,125.67374420166016,57.95344161987305,106.09686279296875
349,37,1116,0,140.4167938232422,126.55257415771484,67.0005874633789,108.49629974365234
350,37,1116,1,136.6013641357422,51.77305221557617,64.92464447021484,145.01925659179688
351,37,1116,2,145.55677795410156,125.3375473022461,56.991512298583984,106.66864013671875
352,37,1117,0,140.90013122558594,126.09693908691406,68.09540557861328,111.10795593261719
353,37,1117,1,137.0655059814453,50.981590270996094,66.07388305664062,145.0290985107422
354,37,1117,2,146.32913208007812,124.8490219116211,56.86252212524414,109.43323516845703
355,37,1118,0,139.42340087890625,125.10962677001953,68.88778686523438,111.81552124023438
356,37,1118,1,135.4405517578125,50.1358528137207,66.9482421875,145.54095458984375
357,37,1118,2,147.29248046875,123.82675170898438,56.28387451171875,110.16996765136719
358,37,1119,0,138.1821746826172,124.13618469238281,68.89045715332031,113.0206069946289
359,37,1119,1,134.12615966796875,50.1595344543457,67.03034210205078,146.8076171875
360,37,1119,2,147.36688232421875,122.8092041015625,54.989498138427734,111.44502258300781
361,37,1120,0,138.15554809570312,123.79854583740234,70.37261962890625,113.49596405029297
362,37,1120,1,134.04364013671875,49.334312438964844,68.57257843017578,146.3297882080078
363,37,1120,2,148.20399475097656,122.4552993774414,55.364105224609375,111.92974090576172
364,37,1121,0,138.10394287109375,122.7613525390625,70.40158081054688,115.76153564453125
365,37,1121,1,134.03878784179688,49.95769500732422,68.61004638671875,146.64622497558594
366,37,1121,2,147.60009765625,121.34548950195312,55.002906799316406,114.34169006347656
367,37,1122,0,136.97633361816406,122.60987091064453,71.80012512207031,116.67591094970703
368,37,1122,1,132.7172393798828,48.1960334777832,70.06573486328125,146.24644470214844
369,37,1122,2,149.44583129882812,121.21521759033203,55.29655838012695,115.29525756835938
370,37,1123,0,136.0089111328125,121.62158203125,73.72415161132812,117.11336517333984
371,37,1123,1,131.7886199951172,49.586849212646484,72.02710723876953,145.01840209960938
372,37,1123,2,148.12930297851562,120.16770935058594,56.39655685424805,115.7376480102539
373,37,1124,0,136.63955688476562,122.49881744384766,74.87723541259766,117.27552795410156
374,37,1124,1,132.3184051513672,47.597904205322266,73.2865219116211,145.49000549316406
375,37,1124,2,150.0709686279297,121.10671997070312,55.844844818115234,115.88728332519531
376,37,1125,0,135.07131958007812,122.5346908569336,74.90086364746094,118.94755554199219
377,37,1125,1,130.61807250976562,47.178001403808594,73.2002182006836,144.0384521484375
378,37,1125,2,150.5938262939453,121.17444610595703,57.270416259765625,117.67991638183594
379,37,1126,0,134.6539764404297,121.80267333984375,76.55615234375,120.0870132446289
380,37,1126,1,130.09344482421875,45.940372467041016,74.92646789550781,143.6172332763672
381,37,1126,2,151.87767028808594,120.40918731689453,57.56484603881836,118.8692626953125
382,37,1127,0,133.97552490234375,122.85564422607422,76.70858764648438,120.07917785644531
383,37,1127,1,129.33352661132812,45.50640106201172,75.00924682617188,142.46591186523438
384,37,1127,2,152.33865356445312,121.54700469970703,58.71122741699219,118.86698913574219
385,37,1128,0,134.44110107421875,123.57128143310547,77.86605834960938,120.00972747802734
386,37,1128,1,129.7427520751953,44.30766296386719,76.21649169921875,142.09091186523438
387,37,1128,2,153.50010681152344,122.31092071533203,59.01373291015625,118.77603149414062
388,37,1129,0,135.08514404296875,123.81632232666016,78.86711120605469,119.91983795166016
389,37,1129,1,130.367919921875,43.43607711791992,77.30550384521484,142.4149627685547
390,37,1129,2,154.3299102783203,122.56753540039062,58.62472152709961,118.66081237792969
391,37,1130,0,135.15142822265625,125.0851058959961,78.73108673095703,120.04096221923828
392,37,1130,1,130.44503784179688,43.65355682373047,77.1532211303711,142.32220458984375
393,37,1130,2,154.08438110351562,123.91854858398438,58.72440719604492,118.79309844970703
394,37,1131,0,136.9918212890625,124.44388580322266,79.52279663085938,120.60455322265625
395,37,1131,1,132.368896484375,43.035865783691406,77.9431381225586,141.60531616210938
396,37,1131,2,154.59786987304688,123.207763671875,59.382503509521484,119.38573455810547
397,37,1132,0,138.23153686523438,124.97864532470703,79.03939819335938,119.88951873779297
398,37,1132,1,133.65966796875,42.63969421386719,77.47325134277344,142.1915283203125
399,37,1132,2,154.90631103515625,123.76017761230469,58.83814239501953,118.62767791748047
400,37,1133,0,139.4510040283203,126.00192260742188,80.95020294189453,120.0487289428711
401,37,1133,1,134.93923950195312,42.44337844848633,79.42327117919922,140.97250366210938
402,37,1133,2,155.00643920898438,124.832763671875,59.93518829345703,118.7738265991211
403,37,1134,0,139.485595703125,126.86321258544922,81.30168151855469,120.17874145507812
404,37,1134,1,134.9719696044922,42.46561813354492,79.7778091430664,140.6997528076172
405,37,1134,2,154.96652221679688,125.75099182128906,60.18379592895508,118.90856170654297
406,37,1135,0,140.72178649902344,128.06906127929688,82.2646713256836,118.7733154296875
407,37,1135,1,136.27552795410156,42.377593994140625,80.8348159790039,141.01930236816406
408,37,1135,2,154.95347595214844,127.0173568725586,59.8258171081543,117.39176177978516
409,37,1136,0,141.59231567382812,129.35125732421875,81.49771881103516,118.85458374023438
410,37,1136,1,137.2389678955078,43.020164489746094,80.00390625,140.8272705078125
411,37,1136,2,154.22866821289062,128.36631774902344,60.066959381103516,117.49310302734375
412,37,1137,0,142.8877716064453,130.36241149902344,83.24851989746094,117.46200561523438
413,37,1137,1,138.7108612060547,44.445194244384766,81.83765411376953,140.2421417236328
414,37,1137,2,152.6951141357422,129.41354370117188,60.566139221191406,115.98313903808594
415,37,1138,0,143.1828155517578,131.39297485351562,83.5482177734375,117.42414093017578
416,37,1138,1,139.04664611816406,44.855247497558594,82.19591522216797,140.80677795410156
417,37,1138,2,152.2456817626953,130.5053253173828,59.98015594482422,115.93366241455078
418,37,1139,0,144.18016052246094,132.19107055664062,83.6791000366211,117.41353607177734
419,37,1139,1,140.1506805419922,45.52886962890625,82.27304077148438,139.90451049804688
420,37,1139,2,151.49021911621094,131.3355255126953,60.8779411315918,115.92691802978516
421,37,1140,0,143.62728881835938,132.7083740234375,83.23027038574219,116.12007904052734
422,37,1140,1,139.63485717773438,46.64845275878906,81.91407775878906,141.50970458984375
423,37,1140,2,150.39199829101562,131.88902282714844,59.318458557128906,114.54410552978516
424,37,1141,0,145.13308715820312,133.08474731445312,83.2653579711914,115.62866973876953
425,37,1141,1,141.29156494140625,47.43600082397461,81.85999298095703,140.1376190185547
426,37,1141,2,149.496826171875,132.25999450683594,60.70309066772461,114.02989196777344
427,37,1142,0,145.80735778808594,133.93759155273438,83.6538314819336,114.99126434326172
428,37,1142,1,142.11331176757812,49.02024841308594,82.29631805419922,140.4046630859375
429,37,1142,2,147.84632873535156,133.147705078125,60.42115783691406,113.34193420410156
430,37,1143,0,146.0620880126953,134.77142333984375,84.33381652832031,114.90232849121094
431,37,1143,1,142.44688415527344,50.00556182861328,83.02497100830078,140.460693359375
432,37,1143,2,146.82504272460938,134.0263214111328,60.32221603393555,113.23521423339844
433,37,1144,0,145.6618194580078,134.91720581054688,83.80813598632812,114.11262512207031
434,37,1144,1,142.0677032470703,50.708641052246094,82.43437957763672,139.94212341308594
435,37,1144,2,146.1421356201172,134.18380737304688,60.89151382446289,112.40628051757812
436,37,1145,0,145.74559020996094,135.4353485107422,84.434814453125,112.33007049560547
437,37,1145,1,142.22984313964844,51.819095611572266,83.14669799804688,140.42063903808594
438,37,1145,2,145.0119171142578,134.72763061523438,60.40259552001953,110.49185180664062
439,37,1146,0,146.10366821289062,136.19041442871094,84.4643325805664,112.17156219482422
440,37,1146,1,142.7418975830078,53.79319763183594,83.19115447998047,140.5962677001953
441,37,1146,2,142.99188232421875,135.51358032226562,60.22707748413086,110.3211898803711
442,37,1147,0,147.12852478027344,135.96836853027344,83.81502532958984,111.4825668334961
443,37,1147,1,143.91781616210938,54.985687255859375,82.50808715820312,140.65684509277344
444,37,1147,2,141.7317352294922,135.25146484375,60.220882415771484,109.59745025634766
445,37,1148,0,146.11004638671875,136.46743774414062,82.75031280517578,109.86894989013672
446,37,1148,1,143.03326416015625,57.96385955810547,81.38612365722656,140.68016052246094
447,37,1148,2,138.7965087890625,135.7802734375,60.29598617553711,107.89535522460938
448,37,1149,0,146.68539428710938,136.61773681640625,82.32475280761719,109.16699981689453
449,37,1149,1,143.8548583984375,61.01430130004883,80.96710205078125,141.1124725341797
450,37,1149,2,135.69189453125,135.90980529785156,59.90211868286133,107.1512451171875
451,37,1150,0,147.11325073242188,137.19229125976562,81.30097961425781,106.95629119873047
452,37,1150,1,144.5027618408203,63.86772537231445,79.93854522705078,141.80044555664062
453,37,1150,2,132.7870635986328,136.49578857421875,59.31789016723633,104.80701446533203
454,37,1151,0,146.57928466796875,137.92840576171875,80.220947265625,106.58753967285156
455,37,1151,1,144.11387634277344,66.56751251220703,78.81793975830078,142.20176696777344
456,37,1151,2,130.09593200683594,137.271240234375,58.99159622192383,104.42955017089844
457,37,1152,0,146.42898559570312,137.9691925048828,79.60807800292969,106.1135025024414
458,37,1152,1,144.04071044921875,67.83793640136719,78.18685913085938,142.4749298095703
459,37,1152,2,128.8286895751953,137.30857849121094,58.76557159423828,103.9327392578125
460,37,1153,0,146.0659637451172,138.45692443847656,79.64329528808594,104.67298126220703
461,37,1153,1,143.72474670410156,68.91893768310547,78.20294189453125,142.02667236328125
462,37,1153,2,127.75745391845703,137.8275909423828,59.23961639404297,102.39964294433594
463,37,1154,0,145.35057067871094,138.5913848876953,77.60143280029297,102.97944641113281
464,37,1154,1,143.0638427734375,70.41102600097656,76.09576416015625,142.85177612304688
465,37,1154,2,126.30236053466797,137.9727020263672,58.574344635009766,100.62322998046875
466,37,1155,0,144.89308166503906,138.9161376953125,76.54014587402344,102.50428009033203
467,37,1155,1,142.69778442382812,72.21395874023438,74.9837875366211,143.07861328125
468,37,1155,2,124.5147933959961,138.31430053710938,58.42399215698242,100.13322448730469
469,37,1156,0,144.47740173339844,139.9352569580078,75.47122955322266,101.5826187133789
470,37,1156,1,142.3848114013672,74.2110595703125,73.8363037109375,142.8648223876953
471,37,1156,2,122.516845703125,139.39447021484375,58.72481155395508,99.17052459716797
472,37,1157,0,144.4628143310547,140.3937225341797,73.7386703491211,100.33218383789062
473,37,1157,1,142.34701538085938,73.93011474609375,71.98745727539062,142.70098876953125
474,37,1157,2,122.7919692993164,139.88609313964844,59.02455139160156,97.86835479736328
475,37,1158,0,142.76480102539062,140.89437866210938,72.79547882080078,99.67778015136719
476,37,1158,1,140.67242431640625,75.9489517211914,71.06046295166016,143.7688751220703
477,37,1158,2,120.86458587646484,140.43441772460938,58.02510452270508,97.17913055419922
478,37,1159,0,141.45452880859375,140.99549865722656,71.3330307006836,98.14108276367188
479,37,1159,1,139.34222412109375,76.92269134521484,69.4870376586914,143.39866638183594
480,37,1159,2,119.96940612792969,140.55752563476562,58.519775390625,95.56859588623047
481,37,1160,0,141.39437866210938,140.81446838378906,70.0299301147461,97.34349060058594
482,37,1160,1,139.35813903808594,78.06990051269531,68.1233139038086,143.679443359375
483,37,1160,2,118.82411193847656,140.35757446289062,58.33681106567383,94.73859405517578
484,37,1161,0,141.12730407714844,141.2835235595703,69.61418151855469,96.53563690185547
485,37,1161,1,139.11033630371094,78.65209197998047,67.64940643310547,143.15469360351562
486,37,1161,2,118.24812316894531,140.85853576660156,58.90538024902344,93.88815307617188
487,37,1162,0,140.146484375,142.3434600830078,69.62107849121094,94.91912078857422
488,37,1162,1,138.09088134765625,79.13392639160156,67.68807983398438,143.45516967773438
489,37,1162,2,117.80846405029297,142.0023956298828,58.632476806640625,92.16229248046875
490,37,1163,0,138.4371795654297,142.81529235839844,66.58820343017578,92.48793029785156
491,37,1163,1,136.3953094482422,81.01879119873047,64.4812240600586,143.5724334716797
492,37,1163,2,116.01693725585938,142.52096557617188,58.75588607788086,89.62162017822266
493,37,1164,0,137.3201446533203,143.94479370117188,66.05499267578125,90.79503631591797
494,37,1164,1,135.28890991210938,82.3564453125,63.858367919921875,142.61647033691406
495,37,1164,2,114.72494506835938,143.73507690429688,59.78129577636719,87.8326416015625
496,37,1165,0,136.2928466796875,143.70712280273438,64.47838592529297,88.19366455078125
497,37,1165,1,134.2447967529297,83.07063293457031,62.27715301513672,143.79379272460938
498,37,1165,2,114.07835388183594,143.49388122558594,58.74858474731445,85.07776641845703
499,37,1166,0,136.83761596679688,143.59564208984375,63.99474334716797,86.33411407470703
500,37,1166,1,134.9546356201172,84.94351196289062,61.7016716003418,142.7430419921875
501,37,1166,2,112.16348266601562,143.35276794433594,59.86899948120117,83.11083984375
502,37,1167,0,135.5359344482422,144.84446716308594,62.5936164855957,85.3981704711914
503,37,1167,1,133.64002990722656,86.1260986328125,60.267601013183594,143.50502014160156
504,37,1167,2,111.0370864868164,144.6982421875,59.211639404296875,82.13154602050781
505,37,1168,0,135.09449768066406,144.7160186767578,61.74169921875,83.7933349609375
506,37,1168,1,133.20741271972656,86.66395568847656,59.2932014465332,142.38375854492188
507,37,1168,2,110.52772521972656,144.56503295898438,60.422119140625,80.4429931640625
508,37,1169,0,133.80372619628906,145.69256591796875,60.77553176879883,81.553466796875
509,37,1169,1,131.87852478027344,87.44146728515625,58.32720184326172,143.0870819091797
510,37,1169,2,109.81255340576172,145.62278747558594,59.819210052490234,78.06631469726562
511,37,1170,0,132.17813110351562,145.45777893066406,59.88742446899414,79.29733276367188
512,37,1170,1,130.16653442382812,87.71446990966797,57.35481262207031,142.49038696289062
513,37,1170,2,109.64790344238281,145.397705078125,60.51710510253906,75.68019104003906
514,37,1171,0,131.24876403808594,146.96092224121094,59.35143280029297,77.45453643798828
515,37,1171,1,129.26898193359375,89.21794891357422,56.78851318359375,142.3826446533203
516,37,1171,2,108.17037200927734,147.0058135986328,60.69355010986328,73.72515106201172
517,37,1172,0,131.14056396484375,147.50527954101562,58.474266052246094,74.79557800292969
518,37,1172,1,129.21023559570312,90.09673309326172,55.81790542602539,141.6035614013672
519,37,1172,2,107.28466796875,147.58209228515625,61.58125305175781,70.91053009033203
520,37,1173,0,129.60494995117188,148.27328491210938,58.28892135620117,71.73243713378906
521,37,1173,1,127.55229949951172,89.85942077636719,55.627281188964844,141.4071044921875
522,37,1173,2,107.60874938964844,148.4287109375,61.846309661865234,67.64872741699219
523,37,1174,0,129.27951049804688,148.09075927734375,57.99337387084961,69.7325210571289
524,37,1174,1,127.25707244873047,90.59281921386719,55.29930877685547,141.02484130859375
525,37,1174,2,106.8963623046875,148.234375,62.28571701049805,65.52378845214844
526,37,1175,0,128.636474609375,148.30470275878906,58.313560485839844,68.40836334228516
527,37,1175,1,126.61447143554688,91.23575592041016,55.58631896972656,140.11329650878906
528,37,1175,2,106.28825378417969,148.46881103515625,63.204368591308594,64.11241912841797
529,37,1176,0,127.2059326171875,149.52162170410156,58.507259368896484,65.9305648803711
530,37,1176,1,125.06082153320312,90.93128967285156,55.738624572753906,139.08981323242188
531,37,1176,2,106.66486358642578,149.79286193847656,64.26470947265625,61.47381591796875
532,37,1177,0,125.60574340820312,150.4807586669922,58.23712158203125,65.17804718017578
533,37,1177,1,123.36471557617188,91.15949249267578,55.41982650756836,138.56915283203125
534,37,1177,2,106.52193450927734,150.84092712402344,64.8187026977539,60.679447174072266
535,37,1178,0,124.73411560058594,151.20835876464844,59.06938171386719,63.215816497802734
536,37,1178,1,122.45185852050781,91.46473693847656,56.19342041015625,136.73883056640625
537,37,1178,2,106.25860595703125,151.62936401367188,66.63848876953125,58.58502960205078
538,37,1179,0,124.50279998779297,152.23106384277344,58.95162582397461,62.65153884887695
539,37,1179,1,122.20462036132812,91.55571746826172,56.00038528442383,135.7056427001953
540,37,1179,2,106.16374206542969,152.72344970703125,67.6938705444336,57.99228286743164
541,37,1180,0,123.6678695678711,153.00564575195312,58.795997619628906,61.144771575927734
542,37,1180,1,121.33415985107422,91.91349029541016,55.7778434753418,134.73748779296875
543,37,1180,2,105.84441375732422,153.5609588623047,68.70360565185547,56.39466094970703
544,37,1181,0,122.93405151367188,153.88941955566406,59.63755416870117,59.761329650878906
545,37,1181,1,120.4966812133789,91.19232940673828,56.56230163574219,132.97618103027344
546,37,1181,2,106.6005859375,154.5210723876953,70.4429702758789,54.916656494140625
547,37,1182,0,122.67296600341797,154.28761291503906,59.83480453491211,59.5467529296875
548,37,1182,1,120.24260711669922,91.58385467529297,56.717342376708984,132.1566619873047
549,37,1182,2,106.21699523925781,154.94735717773438,71.25699615478516,54.68984603881836
550,37,1183,0,122.22906494140625,155.78115844726562,60.21973419189453,58.99665069580078
551,37,1183,1,119.71200561523438,90.89329528808594,57.039573669433594,130.82887268066406
552,37,1183,2,106.9126205444336,156.552734375,72.57543182373047,54.10545349121094
553,37,1184,0,122.06917572021484,156.4851531982422,61.444766998291016,58.424888610839844
554,37,1184,1,119.48977661132812,90.20752716064453,58.28619384765625,129.9224395751953
555,37,1184,2,107.59933471679688,157.3113250732422,73.41661071777344,53.48041534423828
556,37,1185,0,121.840087890625,157.55043029785156,61.55708694458008,57.62133026123047
557,37,1185,1,119.17240142822266,89.24585723876953,58.4065055847168,129.8536376953125
558,37,1185,2,108.56122589111328,158.45838928222656,73.49295043945312,52.621734619140625
559,37,1186,0,121.16234588623047,157.41647338867188,61.214664459228516,57.916778564453125
560,37,1186,1,118.4728012084961,89.56175994873047,57.895179748535156,127.75910949707031
561,37,1186,2,108.29021453857422,158.32455444335938,75.61319732666016,52.957054138183594
562,37,1187,0,120.42955780029297,158.26168823242188,62.1751708984375,56.673728942871094
563,37,1187,1,117.66226196289062,89.2131576538086,58.89046859741211,127.22898864746094
564,37,1187,2,108.67272186279297,159.24073791503906,76.10588073730469,51.618080139160156
565,37,1188,0,120.12345886230469,158.96722412109375,62.681663513183594,57.416481018066406
566,37,1188,1,117.25823974609375,88.14873504638672,59.34886932373047,126.12315368652344
567,37,1188,2,109.74935150146484,160.00616455078125,77.16998291015625,52.408836364746094
568,37,1189,0,120.17729949951172,159.2796630859375,63.109130859375,56.35042190551758
569,37,1189,1,117.260498046875,87.37651824951172,59.77108383178711,125.5362319946289
570,37,1189,2,110.5162124633789,160.34426879882812,77.75105285644531,51.268280029296875
571,37,1190,0,120.64900207519531,160.71319580078125,63.09504699707031,56.522796630859375
572,37,1190,1,117.71670532226562,86.84204864501953,59.73118209838867,125.19252014160156
573,37,1190,2,110.99687194824219,161.86932373046875,78.09391021728516,51.45454025268555
574,37,1191,0,120.97340393066406,160.181396484375,64.04094696044922,56.41958236694336
575,37,1191,1,118.0652084350586,86.83014678955078,60.70002365112305,124.61547088623047
576,37,1191,2,110.99755096435547,161.2970428466797,78.61390686035156,51.33180618286133
577,37,1192,0,121.54967498779297,160.34226989746094,63.83477783203125,56.30776596069336
578,37,1192,1,118.64180755615234,86.29976654052734,60.356788635253906,122.81249237060547
579,37,1192,2,111.49037170410156,161.463134765625,80.43998718261719,51.22836685180664
580,37,1193,0,121.99508666992188,159.56732177734375,64.64636993408203,56.4849853515625
581,37,1193,1,119.05596160888672,85.3407211303711,61.247467041015625,123.20518493652344
582,37,1193,2,112.4393081665039,160.63650512695312,79.98965454101562,51.40039825439453
583,37,1194,0,121.5060806274414,159.67935180664062,64.71479034423828,56.392765045166016
584,37,1194,1,118.30525207519531,82.00433349609375,61.23970413208008,122.02592468261719
585,37,1194,2,115.82141876220703,160.78863525390625,81.1711654663086,51.30878448486328
586,37,1195,0,121.80015563964844,160.5172576904297,65.37947845458984,56.6971321105957
587,37,1195,1,118.43694305419922,79.43891143798828,61.9048957824707,121.43054962158203
588,37,1195,2,118.36511993408203,161.6963348388672,81.72039031982422,51.62578582763672
589,37,1196,0,121.86286926269531,160.5073699951172,65.92656707763672,57.44203567504883
590,37,1196,1,118.39665985107422,77.87584686279297,62.477901458740234,121.3592300415039
591,37,1196,2,119.93196868896484,161.69635009765625,81.74286651611328,52.41108703613281
592,37,1197,0,121.71208190917969,160.92054748535156,66.56783294677734,57.40177917480469
593,37,1197,1,118.17872619628906,77.08207702636719,63.17431640625,121.54523468017578
594,37,1197,2,120.73200988769531,162.1454620361328,81.5151138305664,52.35557174682617
595,37,1198,0,122.06683349609375,160.17105102539062,66.54402923583984,58.208683013916016
596,37,1198,1,118.50923919677734,76.31399536132812,63.15653610229492,121.73489379882812
597,37,1198,2,121.49453735351562,161.34605407714844,81.31135559082031,53.215110778808594
598,37,1199,0,121.33746337890625,160.08175659179688,67.21099090576172,57.81501388549805
599,37,1199,1,117.68241882324219,75.58220672607422,63.924659729003906,122.52965545654297
600,37,1199,2,122.27879333496094,161.26832580566406,80.47696685791016,52.77803039550781
601,37,1200,0,120.53107452392578,159.95989990234375,68.34588623046875,57.70557403564453
602,37,1200,1,116.77045440673828,74.80237579345703,65.28131103515625,124.6573257446289
603,37,1200,2,123.11691284179688,161.15750122070312,78.26832580566406,52.626773834228516
604,37,1201,0,119.21751403808594,159.79080200195312,68.40428161621094,58.819217681884766
605,37,1201,1,115.3197021484375,74.04247283935547,65.47845458984375,126.7259750366211
606,37,1201,2,123.96863555908203,161.0044708251953,76.16643524169922,53.79899215698242
607,37,1202,0,117.4099349975586,158.36373901367188,68.80315399169922,58.0960693359375
608,37,1202,1,113.45393371582031,74.78215026855469,66.00151824951172,128.0783233642578
609,37,1202,2,123.36820220947266,159.50697326660156,74.7953872680664,53.01128387451172
610,37,1203,0,115.26104736328125,157.58470153808594,69.52154541015625,59.27219772338867
611,37,1203,1,111.12523651123047,74.14020538330078,66.83446502685547,129.17373657226562
612,37,1203,2,124.16638946533203,158.71632385253906,73.62703704833984,54.24543762207031
613,37,1204,0,113.71826171875,156.90818786621094,69.62264251708984,58.91466522216797
614,37,1204,1,109.47933959960938,74.04627990722656,67.0392074584961,130.54766845703125
615,37,1204,2,124.37288665771484,158.02102661132812,72.2469253540039,53.852638244628906
616,37,1205,0,111.85581970214844,155.91387939453125,69.4542007446289,59.11861801147461
617,37,1205,1,107.53218078613281,74.4945068359375,66.96926879882812,132.15875244140625
618,37,1205,2,124.06101989746094,156.98812866210938,70.63587951660156,54.061641693115234
619,37,1206,0,109.24291229248047,154.93154907226562,69.77394104003906,59.38621139526367
620,37,1206,1,104.6547622680664,73.04264068603516,67.35956573486328,132.9058380126953
621,37,1206,2,125.70665740966797,155.99423217773438,69.8597640991211,54.33610916137695
622,37,1207,0,107.99217987060547,153.3176727294922,70.37071990966797,58.84609603881836
623,37,1207,1,103.27992248535156,72.27100372314453,68.0965347290039,134.32086181640625
624,37,1207,2,126.59210968017578,154.2993927001953,68.40951538085938,53.73968505859375
625,37,1208,0,106.78473663330078,151.7469482421875,70.25237274169922,58.89429473876953
626,37,1208,1,101.95826721191406,71.60664367675781,68.02751159667969,135.15499877929688
627,37,1208,2,127.36618041992188,152.6490478515625,67.5783920288086,53.78711700439453
628,37,1209,0,105.5976333618164,150.03231811523438,70.36492156982422,58.92357635498047
629,37,1209,1,100.73149108886719,71.9942626953125,68.25057220458984,136.65628051757812
630,37,1209,2,127.08453369140625,150.83726501464844,66.06255340576172,53.805686950683594
631,37,1210,0,105.16409301757812,148.81881713867188,71.36613464355469,58.99125289916992
632,37,1210,1,100.2523422241211,71.62410736083984,69.30021667480469,136.4137420654297
633,37,1210,2,127.50652313232422,149.55299377441406,66.23982238769531,53.86214065551758
634,37,1211,0,103.9576644897461,147.13986206054688,71.7513656616211,58.652618408203125
635,37,1211,1,98.9466781616211,71.16656494140625,69.81661987304688,137.91943359375
636,37,1211,2,128.0746612548828,147.78570556640625,64.70854187011719,53.48360061645508
637,37,1212,0,102.3609848022461,146.57179260253906,72.08802795410156,58.43854522705078
638,37,1212,1,97.23529052734375,70.96678161621094,70.19519805908203,138.187255859375
639,37,1212,2,128.38897705078125,147.207763671875,64.42145538330078,53.2474479675293
640,37,1213,0,101.66777038574219,144.95252990722656,72.29438018798828,58.74934005737305
641,37,1213,1,96.48635864257812,70.65804290771484,70.47528839111328,139.09307861328125
642,37,1213,2,128.77333068847656,145.49456787109375,63.49243927001953,53.568809509277344
643,37,1214,0,100.3354721069336,143.77020263671875,72.64810943603516,58.34358596801758
644,37,1214,1,95.0296859741211,70.0044937133789,70.86093139648438,139.18055725097656
645,37,1214,2,129.5375518798828,144.26040649414062,63.388877868652344,53.12923049926758
646,37,1215,0,98.99285888671875,142.40841674804688,72.65132141113281,58.386714935302734
647,37,1215,1,93.5736312866211,69.50215911865234,70.93014526367188,140.1412811279297
648,37,1215,2,130.1537322998047,142.83395385742188,62.42276382446289,53.16823959350586
649,37,1216,0,97.7251968383789,140.9940643310547,72.98784637451172,58.93703079223633
650,37,1216,1,92.24679565429688,69.71337127685547,71.34907531738281,141.07296752929688
651,37,1216,2,130.04905700683594,141.34503173828125,61.454952239990234,53.74260330200195
652,37,1217,0,97.02192687988281,139.81234741210938,73.8892593383789,58.52892303466797
653,37,1217,1,91.45735168457031,69.01466369628906,72.34357452392578,141.52757263183594
654,37,1217,2,130.81796264648438,140.10145568847656,60.94712829589844,53.28851318359375
655,37,1218,0,96.07798767089844,139.2832794189453,74.99649810791016,58.932918548583984
656,37,1218,1,90.37003326416016,67.77803039550781,73.5900650024414,142.53717041015625
657,37,1218,2,132.131103515625,139.56175231933594,59.85371017456055,53.693058013916016
658,37,1219,0,94.69264221191406,139.81744384765625,75.25640106201172,59.12920379638672
659,37,1219,1,88.82077026367188,66.76924133300781,73.93431854248047,143.53538513183594
660,37,1219,2,133.22463989257812,140.16171264648438,58.83047866821289,53.89073181152344
661,37,1220,0,92.8381118774414,138.84921264648438,75.98477172851562,59.765892028808594
662,37,1220,1,86.78958129882812,65.8765640258789,74.72506713867188,143.81182861328125
663,37,1220,2,134.25889587402344,139.16624450683594,58.493797302246094,54.55514144897461
664,37,1221,0,92.55118560791016,139.44790649414062,76.57816314697266,59.88157653808594
665,37,1221,1,86.35668182373047,64.08513641357422,75.37390899658203,144.0646514892578
666,37,1221,2,136.066650390625,139.82240295410156,58.1990966796875,54.66642761230469
667,37,1222,0,92.21704864501953,139.20013427734375,77.1835708618164,59.816341400146484
668,37,1222,1,85.91279602050781,62.78293228149414,76.0622329711914,144.6875
669,37,1222,2,137.4011993408203,139.5730743408203,57.53523635864258,54.581932067871094
670,37,1223,0,91.78487396240234,137.53517150878906,78.4667739868164,59.61746597290039
671,37,1223,1,85.43609619140625,62.38470458984375,77.43743896484375,144.78366088867188
672,37,1223,2,137.85934448242188,137.80735778808594,57.35883331298828,54.3470573425293
673,37,1224,0,92.55856323242188,137.69932556152344,79.29869079589844,60.45132064819336
674,37,1224,1,86.203857421875,61.57382583618164,78.39256286621094,145.8654022216797
675,37,1224,2,138.6212921142578,137.97547912597656,56.20294189453125,55.21427536010742
676,37,1225,0,92.72376251220703,136.8997344970703,80.5654296875,60.67754364013672
677,37,1225,1,86.31275939941406,60.51761245727539,79.71798706054688,145.53489685058594
678,37,1225,2,139.6864013671875,137.12750244140625,56.448448181152344,55.43611145019531
679,37,1226,0,93.00019836425781,136.02536010742188,80.01362609863281,61.202308654785156
680,37,1226,1,86.58334350585938,60.08150863647461,79.21668243408203,146.8474884033203
681,37,1226,2,140.12261962890625,136.19351196289062,55.15612030029297,55.99573516845703
682,37,1227,0,94.51203918457031,136.50616455078125,81.149169921875,61.53297424316406
683,37,1227,1,88.18147277832031,59.93675231933594,80.37687683105469,146.1575469970703
684,37,1227,2,140.16197204589844,136.68238830566406,55.76925277709961,56.33376693725586
685,37,1228,0,94.73011016845703,136.67726135253906,81.35316467285156,62.559322357177734
686,37,1228,1,88.34222412109375,58.9100227355957,80.68257141113281,147.54432678222656
687,37,1228,2,141.17657470703125,136.86865234375,54.344207763671875,57.41484069824219
688,37,1229,0,93.85148620605469,135.7781982421875,82.05571746826172,63.12925338745117
689,37,1229,1,87.38404083251953,58.504669189453125,81.3323745727539,146.16497802734375
690,37,1229,2,141.65687561035156,135.92718505859375,55.6735954284668,58.020408630371094
691,37,1230,0,95.56361389160156,136.0672607421875,82.9279556274414,63.96036148071289
692,37,1230,1,89.19876861572266,58.3864860534668,82.32417297363281,147.155517578125
693,37,1230,2,141.66006469726562,136.2080841064453,54.60672378540039,58.88469696044922
694,37,1231,0,96.18392181396484,134.72657775878906,83.21615600585938,64.21028137207031
695,37,1231,1,89.82123565673828,57.69143295288086,82.62195587158203,147.04568481445312
696,37,1231,2,142.34268188476562,134.77279663085938,54.69367218017578,59.14701461791992
697,37,1232,0,96.19727325439453,135.43426513671875,82.85355377197266,65.02543640136719
698,37,1232,1,89.8055191040039,57.324764251708984,82.25732421875,147.44309997558594
699,37,1232,2,142.6976318359375,135.53009033203125,54.303035736083984,60.01961135864258
700,37,1233,0,96.19046020507812,134.86746215820312,83.15434265136719,65.7726821899414
701,37,1233,1,89.77877044677734,56.98484802246094,82.6068115234375,147.93951416015625
702,37,1233,2,143.04995727539062,134.9281005859375,53.771121978759766,60.807743072509766
703,37,1234,0,97.15187072753906,135.58697509765625,83.88899993896484,67.33330535888672
704,37,1234,1,90.81956481933594,57.289817810058594,83.35356903076172,147.57066345214844
705,37,1234,2,142.66867065429688,135.67755126953125,54.06537628173828,62.46208953857422
706,37,1235,0,97.47492218017578,135.8043212890625,85.39663696289062,68.2852554321289
707,37,1235,1,91.0828628540039,56.13151931762695,84.91578674316406,147.02281188964844
708,37,1235,2,143.8079071044922,135.912353515625,54.50038146972656,63.45549774169922
709,37,1236,0,98.64224243164062,136.12582397460938,84.96094512939453,68.81922149658203
710,37,1236,1,92.33375549316406,56.26097869873047,84.4429702758789,146.95156860351562
711,37,1236,2,143.59686279296875,136.23513793945312,54.59038162231445,64.0328140258789
712,37,1237,0,100.3930892944336,137.37863159179688,85.36930847167969,68.63654327392578
713,37,1237,1,94.08793640136719,54.75449752807617,84.83248138427734,146.27059936523438
714,37,1237,2,144.9752655029297,137.5533447265625,55.25112533569336,63.83590316772461
715,37,1238,0,103.75517272949219,138.19451904296875,86.00750732421875,69.55365753173828
716,37,1238,1,97.5634765625,53.26292419433594,85.48301696777344,145.9333038330078
717,37,1238,2,146.24266052246094,138.37890625,55.531700134277344,64.80546569824219
718,37,1239,0,105.91557312011719,140.45066833496094,86.04308319091797,69.4129867553711
719,37,1239,1,99.85025787353516,53.25442123413086,85.56076049804688,146.49937438964844
720,37,1239,2,146.07144165039062,140.75010681152344,54.963218688964844,64.6507568359375
721,37,1240,0,107.86590576171875,141.10426330566406,86.59644317626953,69.26478576660156
722,37,1240,1,101.88639831542969,52.69763946533203,86.11396789550781,145.95558166503906
723,37,1240,2,146.4935302734375,141.4192657470703,55.476158142089844,64.4871826171875
724,37,1241,0,109.33029174804688,142.7025909423828,86.4910888671875,70.04320526123047
725,37,1241,1,103.38125610351562,51.894309997558594,85.95555114746094,145.36170959472656
726,37,1241,2,147.1777801513672,143.10598754882812,56.06526565551758,65.32333374023438
727,37,1242,0,109.15023040771484,143.59471130371094,86.37644958496094,70.73332214355469
728,37,1242,1,103.21758270263672,52.39392852783203,85.78528594970703,144.730712890625
729,37,1242,2,146.6714630126953,144.05709838867188,56.69387435913086,66.06575012207031
730,37,1243,0,108.70988464355469,144.85501098632812,86.43196868896484,70.29066467285156
731,37,1243,1,102.81438446044922,53.48215103149414,85.86088562011719,144.92665100097656
732,37,1243,2,145.58383178710938,145.40101623535156,56.50140380859375,65.59130859375
733,37,1244,0,109.8268051147461,144.37013244628906,86.50335693359375,70.4463119506836
734,37,1244,1,104.02157592773438,53.6772575378418,85.89192199707031,144.28750610351562
735,37,1244,2,145.32460021972656,144.86415100097656,57.13587188720703,65.76063537597656
736,37,1245,0,109.78759002685547,144.87095642089844,85.56444549560547,71.0884017944336
737,37,1245,1,104.04458618164062,54.67072296142578,84.8809814453125,144.19932556152344
738,37,1245,2,144.31996154785156,145.39199829101562,57.273563385009766,66.46192169189453
739,37,1246,0,109.48860168457031,145.80018615722656,86.80577850341797,70.90461730957031
740,37,1246,1,103.7863540649414,55.64323425292969,86.22782897949219,144.53282165527344
741,37,1246,2,143.34544372558594,146.38121032714844,56.86125946044922,66.2424545288086
742,37,1247,0,109.71742248535156,146.8128662109375,86.85504150390625,70.84419250488281
743,37,1247,1,104.115234375,56.981895446777344,86.21288299560547,143.54612731933594
744,37,1247,2,141.96742248535156,147.44813537597656,57.8502311706543,66.1842269897461
745,37,1248,0,109.80439758300781,147.3215789794922,86.26335906982422,71.19974517822266
746,37,1248,1,104.26710510253906,57.894126892089844,85.50261688232422,142.42103576660156
747,37,1248,2,141.03611755371094,147.9828643798828,59.01222229003906,66.58147430419922
748,37,1249,0,109.73782348632812,148.37437438964844,86.45465850830078,70.9915542602539
749,37,1249,1,104.2635269165039,58.97993469238281,85.74750518798828,142.99806213378906
750,37,1249,2,139.93052673339844,149.09921264648438,58.42386245727539,66.35205078125
751,37,1250,0,110.27398681640625,148.65750122070312,86.36128234863281,71.4594955444336
752,37,1250,1,104.8376235961914,59.04601287841797,85.61296844482422,142.5351104736328
753,37,1250,2,139.82461547851562,149.39205932617188,58.88633728027344,66.85596466064453
754,37,1251,0,110.31621551513672,149.6090545654297,87.07380676269531,71.18804168701172
755,37,1251,1,104.96509552001953,60.34183120727539,86.27375793457031,141.07623291015625
756,37,1251,2,138.50274658203125,150.39706420898438,60.31046676635742,66.5647964477539
757,37,1252,0,110.6120834350586,150.2911376953125,85.74954986572266,71.1546401977539
758,37,1252,1,105.30913543701172,60.82727813720703,84.94644927978516,142.29226684570312
759,37,1252,2,137.9837188720703,151.11634826660156,59.175323486328125,66.54293060302734
760,37,1253,0,110.43462371826172,150.5299835205078,86.10645294189453,70.67581176757812
761,37,1253,1,105.15288543701172,61.329856872558594,85.2365493774414,140.9329071044922
762,37,1253,2,137.48594665527344,151.3704376220703,60.526329040527344,66.03591918945312
763,37,1254,0,110.73306274414062,150.63755798339844,85.74028778076172,70.2681884765625
764,37,1254,1,105.56693267822266,62.73894119262695,84.86575317382812,141.17483520507812
765,37,1254,2,136.0488739013672,151.47015380859375,60.31438064575195,65.60566711425781
766,37,1255,0,111.39220428466797,150.45094299316406,86.27497100830078,69.6109848022461
767,37,1255,1,106.2694091796875,62.719608306884766,85.34043884277344,139.7270965576172
768,37,1255,2,136.02923583984375,151.26052856445312,61.74590301513672,64.90599822998047
769,37,1256,0,111.22135925292969,149.5938720703125,86.29371643066406,69.44755554199219
770,37,1256,1,106.19248962402344,64.16706848144531,85.4077377319336,140.399658203125
771,37,1256,2,134.60118103027344,150.33871459960938,61.07197189331055,64.7265853881836
772,37,1257,0,111.47180938720703,149.6267852783203,86.69123840332031,69.4559555053711
773,37,1257,1,106.48619079589844,64.56034851074219,85.84868621826172,140.6531982421875
774,37,1257,2,134.18931579589844,150.36692810058594,60.791297912597656,64.72698974609375
775,37,1258,0,111.92401885986328,149.8553466796875,85.14874267578125,68.75331115722656
776,37,1258,1,107.01911163330078,65.32552337646484,84.19651794433594,140.46034240722656
777,37,1258,2,133.38717651367188,150.5978240966797,61.09775161743164,64.00515747070312
778,37,1259,0,111.71051788330078,149.29588317871094,85.03890228271484,68.76312255859375
779,37,1259,1,106.79949188232422,65.3853759765625,84.03955841064453,139.8809051513672
780,37,1259,2,133.35092163085938,150.00416564941406,61.68671798706055,64.0216064453125
781,37,1260,0,111.92837524414062,149.09658813476562,86.13198852539062,67.6279067993164
782,37,1260,1,107.12069702148438,66.66287231445312,85.21099090576172,139.86517333984375
783,37,1260,2,132.05674743652344,149.77879333496094,61.65224838256836,62.79246520996094
784,37,1261,0,113.00971221923828,148.9816131591797,85.40912628173828,66.84014892578125
785,37,1261,1,108.31656646728516,67.28396606445312,84.4738998413086,140.2701416015625
786,37,1261,2,131.36492919921875,149.63400268554688,61.306602478027344,61.961708068847656
787,37,1262,0,113.61945343017578,149.05929565429688,83.99341583251953,66.81500244140625
788,37,1262,1,109.01201629638672,67.95619201660156,82.99636840820312,140.7195587158203
789,37,1262,2,130.64871215820312,149.70204162597656,60.947349548339844,61.955726623535156
790,37,1263,0,115.0368423461914,148.67221069335938,83.10778045654297,66.37753295898438
791,37,1263,1,110.57763671875,68.71946716308594,82.10557556152344,141.44619750976562
792,37,1263,2,129.79721069335938,149.26046752929688,60.282779693603516,61.49905014038086
793,37,1264,0,115.69342041015625,148.78506469726562,81.70606994628906,67.31613159179688
794,37,1264,1,111.27156066894531,68.64529418945312,80.65592193603516,142.17892456054688
795,37,1264,2,129.82737731933594,149.3706817626953,59.620506286621094,62.51864242553711
796,37,1265,0,116.38146209716797,148.1679229736328,80.59554290771484,67.64157104492188
797,37,1265,1,112.03465270996094,69.01802062988281,79.57557678222656,143.70899963378906
798,37,1265,2,129.41954040527344,148.69847106933594,58.14958953857422,62.87366485595703
799,37,1266,0,117.21192169189453,148.08587646484375,80.51655578613281,68.61499786376953
800,37,1266,1,112.87385559082031,68.3404312133789,79.51582336425781,144.1602020263672
801,37,1266,2,130.0483856201172,148.60232543945312,57.683738708496094,63.90989303588867
802,37,1267,0,117.9013900756836,146.86026000976562,81.014892578125,69.69603729248047
803,37,1267,1,113.67063903808594,69.12176513671875,80.07659149169922,144.69976806640625
804,37,1267,2,129.24075317382812,147.278076171875,57.089717864990234,65.05044555664062
805,37,1268,0,118.04414367675781,146.0810089111328,81.54812622070312,70.33979034423828
806,37,1268,1,113.80551147460938,68.79200744628906,80.60623931884766,144.20278930664062
807,37,1268,2,129.5769500732422,146.44692993164062,57.54264831542969,65.7314682006836
808,37,1269,0,118.22649383544922,145.809326171875,81.123291015625,70.37040710449219
809,37,1269,1,114.03691101074219,69.30522155761719,80.22325897216797,145.2195281982422
810,37,1269,2,129.05435180664062,146.15045166015625,56.54829025268555,65.7640609741211
811,37,1270,0,118.70330810546875,146.33242797851562,82.0520248413086,71.05131530761719
812,37,1270,1,114.56963348388672,69.71513366699219,81.17316436767578,144.709228515625
813,37,1270,2,128.6022491455078,146.6976776123047,56.98827362060547,66.47808837890625
814,37,1271,0,118.50836944580078,145.7239532470703,83.06627655029297,72.34564971923828
815,37,1271,1,114.36116027832031,69.64405059814453,82.28158569335938,145.2397003173828
816,37,1271,2,128.6972198486328,146.05233764648438,56.3660774230957,67.83739471435547
817,37,1272,0,119.63174438476562,146.13986206054688,82.59791564941406,72.13296508789062
818,37,1272,1,115.49324798583984,68.73430633544922,81.69780731201172,143.9866180419922
819,37,1272,2,129.531494140625,146.48422241210938,57.65904998779297,67.62749481201172
820,37,1273,0,118.69834899902344,145.66534423828125,83.34127044677734,72.0531005859375
821,37,1273,1,114.5127182006836,68.89531707763672,82.48286437988281,143.87673950195312
822,37,1273,2,129.4384765625,145.99217224121094,57.72266387939453,67.5304946899414
823,37,1274,0,119.81665802001953,145.6758270263672,83.24324035644531,72.13931274414062
824,37,1274,1,115.67118072509766,68.4085922241211,82.31730651855469,142.9966278076172
825,37,1274,2,129.85523986816406,145.9886016845703,58.61152267456055,67.63037872314453
826,37,1275,0,120.16336059570312,144.79335021972656,84.2028579711914,72.70220947265625
827,37,1275,1,116.00640106201172,67.82008361816406,83.32737731933594,142.87110900878906
828,37,1275,2,130.44017028808594,145.04588317871094,58.66513442993164,68.21530151367188
829,37,1276,0,120.18710327148438,145.3330078125,84.4503173828125,72.05268859863281
830,37,1276,1,116.00138854980469,67.43150329589844,83.57327270507812,142.54823303222656
831,37,1276,2,130.81947326660156,145.6239776611328,58.9852294921875,67.5207290649414
832,37,1277,0,120.28205871582031,145.5487518310547,84.4899673461914,72.01423645019531
833,37,1277,1,116.11097717285156,67.57527160644531,83.53843688964844,141.4233856201172
834,37,1277,2,130.66500854492188,145.8515625,60.113285064697266,67.48706817626953
835,37,1278,0,119.98616790771484,144.94027709960938,84.02977752685547,71.90357971191406
836,37,1278,1,115.72599792480469,66.49880981445312,82.9397964477539,139.837890625
837,37,1278,2,131.77687072753906,145.21514892578125,61.737762451171875,67.38814544677734
838,37,1279,0,121.2472915649414,144.7371826171875,84.91959381103516,71.38676452636719
839,37,1279,1,117.0821762084961,66.65385437011719,83.92445373535156,140.3175048828125
840,37,1279,2,131.54336547851562,144.976806640625,61.20766830444336,66.81846618652344
841,37,1280,0,120.25716400146484,145.4840545654297,85.49060821533203,70.90328979492188
842,37,1280,1,116.00521850585938,66.41236877441406,84.4679946899414,139.32537841796875
843,37,1280,2,131.83657836914062,145.79148864746094,62.17603302001953,66.30022430419922
844,37,1281,0,120.99838256835938,145.7353057861328,84.88007354736328,71.01480102539062
845,37,1281,1,116.6700668334961,64.61123657226562,83.77439880371094,138.71112060546875
846,37,1281,2,133.5943603515625,146.06045532226562,62.83058166503906,66.433837890625
847,37,1282,0,120.662353515625,145.92578125,85.04151916503906,70.05810546875
848,37,1282,1,116.28497314453125,64.23699188232422,83.91511535644531,138.16099548339844
849,37,1282,2,133.98878479003906,146.2718963623047,63.39007568359375,65.41468048095703
850,37,1283,0,120.13186645507812,146.60292053222656,84.31721496582031,69.88470458984375
851,37,1283,1,115.68508911132812,63.80145263671875,83.12344360351562,137.85545349121094
852,37,1283,2,134.44863891601562,147.00608825683594,63.74705123901367,65.2441635131836
853,37,1284,0,120.41073608398438,147.16432189941406,83.95529174804688,69.04834747314453
854,37,1284,1,115.86099243164062,62.08710479736328,82.65472412109375,136.56517028808594
855,37,1284,2,136.14353942871094,147.61288452148438,65.08177185058594,64.367431640625
856,37,1285,0,119.47329711914062,147.63092041015625,84.83551025390625,68.79950714111328
857,37,1285,1,114.84735870361328,61.922203063964844,83.57689666748047,136.31092834472656
858,37,1285,2,136.36146545410156,148.127197265625,65.28459930419922,64.08888244628906
859,37,1286,0,119.64523315429688,148.64425659179688,84.57120513916016,67.50980377197266
860,37,1286,1,115.03337097167969,62.06305694580078,83.2762680053711,135.9076385498047
861,37,1286,2,136.19073486328125,149.2044219970703,65.73020935058594,62.720672607421875
862,37,1287,0,118.92723083496094,150.29441833496094,84.07044219970703,67.29431915283203
863,37,1287,1,114.33389282226562,63.186737060546875,82.72969818115234,135.69845581054688
864,37,1287,2,135.0782928466797,150.96836853027344,65.97663116455078,62.50076675415039
865,37,1288,0,117.8867416381836,151.78073120117188,83.29389190673828,66.75328063964844
866,37,1288,1,113.2303237915039,63.41316223144531,81.88037872314453,135.32815551757812
867,37,1288,2,134.89132690429688,152.5692596435547,66.40868377685547,61.9394645690918
868,37,1289,0,117.64900207519531,152.8826904296875,83.8082504272461,65.97107696533203
869,37,1289,1,113.07103729248047,64.89493560791016,82.36650848388672,134.34954833984375
870,37,1289,2,133.3978729248047,153.73789978027344,67.3725357055664,61.10334777832031
871,37,1290,0,117.56974029541016,154.5006866455078,84.52893829345703,65.92485046386719
872,37,1290,1,112.9736328125,64.8669204711914,83.12964630126953,134.27456665039062
873,37,1290,2,133.40225219726562,155.46539306640625,67.40193176269531,61.042293548583984
874,37,1291,0,117.35077667236328,154.99949645996094,84.09869384765625,64.3670883178711
875,37,1291,1,112.75143432617188,65.07901000976562,82.6488037109375,133.79550170898438
876,37,1291,2,133.19442749023438,155.99960327148438,67.93926239013672,59.391475677490234
877,37,1292,0,118.06877899169922,156.02655029296875,83.78520965576172,63.24723815917969
878,37,1292,1,113.5256118774414,65.31124877929688,82.30375671386719,133.52532958984375
879,37,1292,2,132.8964080810547,157.08184814453125,68.25125122070312,58.204246520996094
880,37,1293,0,117.51417541503906,156.56996154785156,83.69542694091797,62.136783599853516
881,37,1293,1,112.92434692382812,65.21630859375,82.18849182128906,133.13079833984375
882,37,1293,2,133.0180206298828,157.67132568359375,68.67347717285156,57.02410125732422
883,37,1294,0,117.91549682617188,156.76040649414062,82.63269805908203,60.91056442260742
884,37,1294,1,113.43065643310547,66.38118743896484,81.08248138427734,133.39537048339844
885,37,1294,2,131.81814575195312,157.85952758789062,68.49874877929688,55.73236846923828
886,37,1295,0,117.32013702392578,156.9759979248047,82.68514251708984,59.81745147705078
887,37,1295,1,112.85308837890625,67.23277282714844,81.02272033691406,131.60533142089844
888,37,1295,2,130.99700927734375,158.09304809570312,70.31326293945312,54.57807922363281
889,37,1296,0,117.5628433227539,158.4033203125,82.70452117919922,58.536808013916016
890,37,1296,1,113.03944396972656,66.31946563720703,81.07919311523438,131.9998321533203
891,37,1296,2,131.873779296875,159.6183624267578,69.93890380859375,53.20899200439453
892,37,1297,0,117.09123992919922,158.45626831054688,82.24681854248047,58.21470642089844
893,37,1297,1,112.61090850830078,67.40470123291016,80.57817840576172,131.7755889892578
894,37,1297,2,130.81275939941406,159.67466735839844,70.19954681396484,52.87472152709961
895,37,1298,0,116.98207092285156,159.91253662109375,82.00390625,57.40825653076172
896,37,1298,1,112.50370025634766,67.68233489990234,80.26046752929688,130.84027099609375
897,37,1298,2,130.5148468017578,161.22781372070312,71.16939544677734,52.025169372558594
898,37,1299,0,117.81537628173828,161.2335968017578,82.15097045898438,57.068382263183594
899,37,1299,1,113.42122650146484,68.24227905273438,80.39863586425781,130.53709411621094
900,37,1299,2,129.87481689453125,162.61935424804688,71.47048950195312,51.6622200012207
901,37,1300,0,117.3013687133789,161.2221221923828,82.2080078125,55.83951950073242
902,37,1300,1,112.83924102783203,67.74205017089844,80.40950012207031,129.6895294189453
903,37,1300,2,130.4110870361328,162.61924743652344,72.3404312133789,50.35638427734375
904,37,1301,0,116.8263931274414,160.7830352783203,81.86397552490234,55.3769645690918
905,37,1301,1,112.32962036132812,67.64801025390625,80.05411529541016,129.80758666992188
906,37,1301,2,130.54428100585938,162.159423828125,72.2524185180664,49.86797332763672
907,37,1302,0,117.00679779052734,161.73623657226562,81.59584045410156,55.30194091796875
908,37,1302,1,112.39124298095703,65.83666229248047,79.73577117919922,129.32652282714844
909,37,1302,2,132.33616638183594,163.18666076660156,72.7542724609375,49.795806884765625
910,37,1303,0,116.48086547851562,161.9113006591797,80.8596420288086,54.99852752685547
911,37,1303,1,111.72428131103516,64.30099487304688,78.98216247558594,129.74710083007812
912,37,1303,2,133.91050720214844,163.39334106445312,72.38485717773438,49.481693267822266
913,37,1304,0,116.33355712890625,161.9899444580078,81.52989959716797,55.03349685668945
914,37,1304,1,111.54708862304688,64.013671875,79.65333557128906,129.1236114501953
915,37,1304,2,134.20755004882812,163.4818572998047,72.967041015625,49.51188278198242
916,37,1305,0,116.33897399902344,162.25125122070312,80.80238342285156,54.68524932861328
917,37,1305,1,111.44581604003906,62.47764587402344,78.90809631347656,129.52688598632812
918,37,1305,2,135.7464599609375,163.7719268798828,72.61524963378906,49.14991760253906
919,37,1306,0,115.77549743652344,162.76220703125,80.29621124267578,54.95079803466797
920,37,1306,1,110.71370697021484,60.608917236328125,78.39424896240234,129.92559814453125
921,37,1306,2,137.6519775390625,164.33993530273438,72.24256896972656,49.438907623291016
922,37,1307,0,115.87102508544922,163.0990447998047,80.44051361083984,54.824501037597656
923,37,1307,1,110.73638916015625,59.48760223388672,78.5186538696289,129.486083984375
924,37,1307,2,138.76695251464844,164.7060546875,72.67693328857422,49.30474853515625
925,37,1308,0,115.50914001464844,161.46702575683594,79.77611541748047,54.443992614746094
926,37,1308,1,110.24629974365234,57.80252456665039,77.82007598876953,129.58645629882812
927,37,1308,2,140.5132293701172,162.98361206054688,72.62591552734375,48.9094123840332
928,37,1309,0,114.97400665283203,161.9906768798828,79.62547302246094,54.752872467041016
929,37,1309,1,109.5847396850586,56.523582458496094,77.61582946777344,128.98167419433594
930,37,1309,2,141.82394409179688,163.5603485107422,73.23747253417969,49.24559020996094
931,37,1310,0,114.00670623779297,159.82444763183594,80.58261108398438,54.8331413269043
932,37,1310,1,108.56517791748047,56.47432327270508,78.66582489013672,129.42550659179688
933,37,1310,2,141.97470092773438,161.26580810546875,72.72811126708984,49.311798095703125
934,37,1311,0,112.34752655029297,158.9287567138672,80.1644287109375,54.77360916137695
935,37,1311,1,106.68975830078125,54.82392501831055,78.27445220947266,130.2093048095703
936,37,1311,2,143.75656127929688,160.34945678710938,71.96881866455078,49.2498664855957
937,37,1312,0,111.34996032714844,158.28421020507812,80.44506072998047,54.39338684082031
938,37,1312,1,105.6309585571289,54.824058532714844,78.55313873291016,129.8754425048828
939,37,1312,2,143.8323974609375,159.67820739746094,72.29283142089844,48.84184646606445
940,37,1313,0,110.90770721435547,156.9699249267578,79.64828491210938,54.283172607421875
941,37,1313,1,105.15486145019531,54.62421798706055,77.66551971435547,129.30502319335938
942,37,1313,2,144.08543395996094,158.28501892089844,72.91930389404297,48.74174880981445
943,37,1314,0,109.73870086669922,156.34873962402344,79.33797454833984,53.9636344909668
944,37,1314,1,103.83817291259766,53.53084945678711,77.28020477294922,128.47940063476562
945,37,1314,2,145.27093505859375,157.64947509765625,73.77445983886719,48.41189956665039
946,37,1315,0,108.09771728515625,155.232666015625,79.08058166503906,53.653255462646484
947,37,1315,1,102.10903930664062,53.70969009399414,76.94956970214844,127.62987518310547
948,37,1315,2,145.21705627441406,156.48439025878906,74.65001678466797,48.091087341308594
949,37,1316,0,106.62930297851562,153.93370056152344,80.08675384521484,53.36906433105469
950,37,1316,1,100.52252197265625,53.26829528808594,78.00485229492188,127.35432434082031
951,37,1316,2,145.77867126464844,155.12596130371094,74.86676025390625,47.772762298583984
952,37,1317,0,104.56388854980469,153.15853881835938,80.14669799804688,53.371212005615234
953,37,1317,1,98.36599731445312,53.84465026855469,78.02000427246094,126.64604949951172
954,37,1317,2,145.34652709960938,154.3285675048828,75.57423400878906,47.778926849365234
955,37,1318,0,102.8957748413086,151.59808349609375,80.1392593383789,52.52509307861328
956,37,1318,1,96.57572174072266,53.510169982910156,77.97611236572266,126.03956604003906
957,37,1318,2,145.81820678710938,152.69369506835938,76.19921875,46.880741119384766
958,37,1319,0,102.2357177734375,151.02926635742188,80.72080993652344,52.14479446411133
959,37,1319,1,95.856689453125,53.227359771728516,78.53468322753906,125.11177825927734
960,37,1319,2,146.1552734375,152.09983825683594,77.10039520263672,46.47164535522461
961,37,1320,0,100.83242797851562,150.17149353027344,80.6881332397461,51.2739372253418
962,37,1320,1,94.3611831665039,53.144813537597656,78.48188018798828,124.76447296142578
963,37,1320,2,146.3441162109375,151.2083740234375,77.46711730957031,45.545677185058594
964,37,1321,0,101.04744720458984,148.67884826660156,81.34516143798828,50.79821014404297
965,37,1321,1,94.65550994873047,53.94655227661133,79.17436981201172,124.6048583984375
966,37,1321,2,145.55133056640625,149.60694885253906,77.59349822998047,45.028175354003906
967,37,1322,0,100.45851135253906,147.0606231689453,81.4853744506836,50.28512954711914
968,37,1322,1,94.04956817626953,54.10392379760742,79.3136978149414,124.4072265625
969,37,1322,2,145.46017456054688,147.88934326171875,77.79218292236328,44.4798469543457
970,37,1323,0,98.66786193847656,146.74024963378906,82.62184143066406,49.14915466308594
971,37,1323,1,92.17695617675781,54.59503936767578,80.47486114501953,123.56681823730469
972,37,1323,2,145.0878143310547,147.5732879638672,78.58344268798828,43.25465774536133
973,37,1324,0,97.4969253540039,146.4012451171875,83.71275329589844,48.497127532958984
974,37,1324,1,90.96963500976562,55.15399169921875,81.61730194091797,123.2081298828125
975,37,1324,2,144.60768127441406,147.2267608642578,78.88495635986328,42.54309844970703
976,37,1325,0,97.25813293457031,145.3826141357422,84.93859100341797,47.709774017333984
977,37,1325,1,90.76759338378906,55.81768798828125,82.96363830566406,123.7100830078125
978,37,1325,2,143.97438049316406,146.13937377929688,78.31561279296875,41.678932189941406
979,37,1326,0,95.59089660644531,144.91763305664062,85.83295440673828,48.00922393798828
980,37,1326,1,89.06254577636719,56.819034576416016,83.8716049194336,123.08180236816406
981,37,1326,2,143.0838623046875,145.66334533691406,78.88340759277344,41.98754119873047
982,37,1327,0,95.40116119384766,144.54795837402344,86.4886245727539,47.01093292236328
983,37,1327,1,88.89627838134766,57.30593490600586,84.59919738769531,123.401611328125
984,37,1327,2,142.61346435546875,145.26864624023438,78.53778076171875,40.90929412841797
985,37,1328,0,94.36650848388672,144.8624725341797,86.73968505859375,46.694339752197266
986,37,1328,1,87.87315368652344,58.49550247192383,84.80628967285156,122.4901123046875
987,37,1328,2,141.47911071777344,145.6123809814453,79.4428939819336,40.573631286621094
988,37,1329,0,94.2364501953125,143.97543334960938,87.8711166381836,46.581844329833984
989,37,1329,1,87.77889251708984,59.05403137207031,86.00286865234375,122.34361267089844
990,37,1329,2,140.94215393066406,144.66433715820312,79.51885986328125,40.43547058105469
991,37,1330,0,93.12124633789062,142.53106689453125,87.74850463867188,45.98265075683594
992,37,1330,1,86.63961029052734,59.63003921508789,85.85095977783203,121.97511291503906
993,37,1330,2,140.46104431152344,143.13778686523438,79.90780639648438,39.8009147644043
994,37,1331,0,92.22162628173828,142.61863708496094,88.0577621459961,45.60939025878906
995,37,1331,1,85.6839370727539,59.683860778808594,86.14423370361328,121.40926361083984
996,37,1331,2,140.4634246826172,143.24551391601562,80.46297454833984,39.40142059326172
997,37,1332,0,90.91526794433594,143.66824340820312,88.61620330810547,45.68708801269531
998,37,1332,1,84.3228530883789,60.2406005859375,86.72140502929688,121.15474700927734
999,37,1332,2,139.96939086914062,144.38232421875,80.68106842041016,39.476600646972656
1000,37,1333,0,90.21134948730469,144.23892211914062,89.28733825683594,45.10512161254883
1001,37,1333,1,83.63836669921875,61.252647399902344,87.36692810058594,120.0811996459961
1002,37,1333,2,138.987548828125,144.99513244628906,81.7266616821289,38.851844787597656
1003,37,1334,0,89.7828140258789,144.06163024902344,89.85456085205078,44.88532638549805
1004,37,1334,1,83.1752700805664,61.14216613769531,87.90972900390625,119.16040802001953
1005,37,1334,2,139.12942504882812,144.81385803222656,82.61894989013672,38.61414337158203
1006,37,1335,0,89.309814453125,144.1083526611328,89.81581115722656,44.732303619384766
1007,37,1335,1,82.71422576904297,61.77306365966797,87.81561279296875,118.37638092041016
1008,37,1335,2,138.52511596679688,144.8668212890625,83.41183471679688,38.456974029541016
1009,37,1336,0,89.6479721069336,144.43814086914062,89.5354995727539,45.1899528503418
1010,37,1336,1,83.09264373779297,62.067039489746094,87.44425964355469,117.3655776977539
1011,37,1336,2,138.2020721435547,145.2109375,84.43707275390625,38.95691680908203
1012,37,1337,0,88.949462890625,143.98533630371094,89.00599670410156,44.97393035888672
1013,37,1337,1,82.44783782958984,63.47268295288086,86.82097625732422,116.4865493774414
1014,37,1337,2,136.84266662597656,144.72915649414062,85.3582763671875,38.74149703979492
1015,37,1338,0,88.2598876953125,143.6835479736328,89.0522689819336,45.09864807128906
1016,37,1338,1,81.73892211914062,63.821266174316406,86.74871826171875,114.72937774658203
1017,37,1338,2,136.54222106933594,144.41598510742188,87.11827850341797,38.885894775390625
1018,37,1339,0,88.32500457763672,143.2598419189453,88.89082336425781,45.45292663574219
1019,37,1339,1,81.80746459960938,63.76716995239258,86.50019073486328,113.65202331542969
1020,37,1339,2,136.60000610351562,143.9634246826172,88.20458984375,39.27400207519531
1021,37,1340,0,87.53436279296875,143.5355682373047,89.64635467529297,46.71339416503906
1022,37,1340,1,80.91375732421875,63.050376892089844,87.21156311035156,112.41033935546875
1023,37,1340,2,137.3663787841797,144.275634765625,89.38027954101562,40.61445236206055
1024,37,1341,0,86.74146270751953,143.7782745361328,90.22269439697266,46.6916618347168
1025,37,1341,1,80.09154510498047,63.40581512451172,87.7727279663086,111.63478088378906
1026,37,1341,2,137.05596923828125,144.54483032226562,90.1225357055664,40.586875915527344
1027,37,1342,0,88.1207504272461,143.93814086914062,90.88021850585938,47.032615661621094
1028,37,1342,1,81.57672882080078,63.6424674987793,88.42626190185547,110.98021697998047
1029,37,1342,2,136.72647094726562,144.6911163330078,90.73141479492188,40.94401168823242
1030,37,1343,0,87.06156921386719,144.19688415527344,92.39673614501953,47.953121185302734
1031,37,1343,1,80.41221618652344,63.14802932739258,89.99442291259766,110.369384765625
1032,37,1343,2,137.2869873046875,144.9879608154297,91.23033142089844,41.904624938964844
1033,37,1344,0,87.81346130371094,142.89849853515625,93.33394622802734,48.118255615234375
1034,37,1344,1,81.22061157226562,63.124088287353516,90.98268127441406,110.23023223876953
1035,37,1344,2,137.28587341308594,143.59107971191406,91.30652618408203,42.065956115722656
1036,37,1345,0,88.35433959960938,142.66966247558594,94.1749496459961,48.72241973876953
1037,37,1345,1,81.80524444580078,63.220619201660156,91.83151245117188,109.59776306152344
1038,37,1345,2,137.1581573486328,143.33749389648438,91.87659454345703,42.7006950378418
1039,37,1346,0,88.21377563476562,142.26785278320312,95.06853485107422,49.478919982910156
1040,37,1346,1,81.5896987915039,62.22446060180664,92.7731704711914,109.51615142822266
1041,37,1346,2,138.17550659179688,142.9185028076172,91.8870849609375,43.493263244628906
1042,37,1347,0,88.21002960205078,141.81056213378906,95.52381896972656,49.674991607666016
1043,37,1347,1,81.51217651367188,61.10955047607422,93.25021362304688,109.41593933105469
1044,37,1347,2,139.30438232421875,142.43894958496094,91.95475769042969,43.695491790771484
1045,37,1348,0,87.27159118652344,142.054931640625,95.37042999267578,50.3937873840332
1046,37,1348,1,80.51313018798828,61.14931106567383,93.06645202636719,109.19263458251953
1047,37,1348,2,139.320556640625,142.71461486816406,92.17595672607422,44.46647644042969
1048,37,1349,0,87.39138793945312,142.44630432128906,95.65166473388672,50.6306266784668
1049,37,1349,1,80.6026840209961,60.63225555419922,93.3764877319336,109.36624145507812
1050,37,1349,2,139.8254852294922,143.1338653564453,91.97903442382812,44.7132453918457
1051,37,1350,0,86.59479522705078,142.2299346923828,96.28692626953125,50.468284606933594
1052,37,1350,1,79.76131439208984,60.721683502197266,94.09432983398438,109.9432373046875
1053,37,1350,2,139.79086303710938,142.91543579101562,91.3611831665039,44.5254020690918
1054,37,1351,0,86.79097747802734,141.2418975830078,96.22402954101562,50.884498596191406
1055,37,1351,1,79.94181823730469,60.20927810668945,94.07862091064453,110.73271179199219
1056,37,1351,2,140.31088256835938,141.86216735839844,90.56450653076172,44.96506118774414
1057,37,1352,0,86.89617919921875,140.26527404785156,96.61904907226562,50.9451904296875
1058,37,1352,1,80.03986358642578,59.9091682434082,94.5274429321289,111.14350128173828
1059,37,1352,2,140.6232147216797,140.82098388671875,90.12512969970703,45.02033233642578
1060,37,1353,0,86.70248413085938,140.0741729736328,96.88298034667969,50.532989501953125
1061,37,1353,1,79.90013122558594,60.86081314086914,94.82913208007812,111.39926147460938
1062,37,1353,2,139.68283081054688,140.61343383789062,89.8585433959961,44.574398040771484
1063,37,1354,0,86.8424072265625,139.13482666015625,96.78726196289062,50.701202392578125
1064,37,1354,1,80.0311279296875,60.5054817199707,94.78461456298828,112.2538070678711
1065,37,1354,2,140.0477752685547,139.61184692382812,89.00309753417969,44.74955749511719
1066,37,1355,0,87.88402557373047,138.84507751464844,96.67023468017578,50.426143646240234
1067,37,1355,1,81.11153411865234,60.04428482055664,94.73721313476562,113.35303497314453
1068,37,1355,2,140.44940185546875,139.28916931152344,87.91124725341797,44.45049285888672
1069,37,1356,0,87.51148986816406,139.2504425048828,96.70426940917969,50.45541000366211
1070,37,1356,1,80.59407806396484,58.331478118896484,94.83635711669922,114.27169799804688
1071,37,1356,2,142.18746948242188,139.7400665283203,86.98551940917969,44.474796295166016
1072,37,1357,0,87.5049819946289,138.5098419189453,95.9347915649414,49.95787811279297
1073,37,1357,1,80.54678344726562,57.67174530029297,94.07431030273438,115.06852722167969
1074,37,1357,2,142.86419677734375,138.9550323486328,86.24369049072266,43.95148468017578
1075,37,1358,0,87.16768646240234,137.70779418945312,95.68157196044922,49.5390739440918
1076,37,1358,1,80.22785186767578,58.18354797363281,93.87861633300781,116.10762786865234
1077,37,1358,2,142.38600158691406,138.10137939453125,85.22366333007812,43.501773834228516
1078,37,1359,0,87.03026580810547,136.39016723632812,96.40525817871094,49.117759704589844
1079,37,1359,1,80.18317413330078,59.53615951538086,94.73474884033203,117.30085754394531
1080,37,1359,2,141.0592041015625,136.68846130371094,83.98564910888672,43.031856536865234
1081,37,1360,0,88.17349243164062,135.99647521972656,97.3375473022461,48.98231887817383
1082,37,1360,1,81.45606231689453,60.28964614868164,95.80357360839844,118.382080078125
1083,37,1360,2,140.2354736328125,136.24441528320312,82.84149932861328,42.86417770385742
1084,37,1361,0,84.78142547607422,136.35935974121094,98.57839965820312,48.82652282714844
1085,37,1361,1,77.89568328857422,61.122982025146484,97.30374908447266,120.9540786743164
1086,37,1361,2,139.61007690429688,136.68084716796875,80.18000793457031,42.659210205078125
1087,37,1362,0,85.2345199584961,136.15985107421875,100.03681945800781,48.842769622802734
1088,37,1362,1,78.4515380859375,62.164649963378906,99.02972412109375,123.4552230834961
1089,37,1362,2,138.53773498535156,136.453125,77.57249450683594,42.63457107543945
1090,37,1363,0,83.40044403076172,136.72030639648438,102.24678802490234,48.994197845458984
1091,37,1363,1,76.52638244628906,62.64890670776367,101.45711517333984,124.51903533935547
1092,37,1363,2,138.15927124023438,137.0773162841797,76.35791778564453,42.75151824951172
1093,37,1364,0,81.87559509277344,137.3087615966797,103.60758972167969,48.70600509643555
1094,37,1364,1,74.9531021118164,63.45995330810547,103.00196075439453,125.86708068847656
1095,37,1364,2,137.43199157714844,137.72396850585938,74.92068481445312,42.41179656982422
1096,37,1365,0,80.53400421142578,138.1057586669922,104.63494873046875,48.500518798828125
1097,37,1365,1,73.57560729980469,64.29768371582031,104.19019317626953,127.20587158203125
1098,37,1365,2,136.662353515625,138.58981323242188,73.51280975341797,42.165977478027344
1099,37,1366,0,80.546630859375,138.4523162841797,105.66532897949219,48.145408630371094
1100,37,1366,1,73.70115661621094,65.96109008789062,105.26976776123047,126.8990707397461
1101,37,1366,2,134.98387145996094,138.94708251953125,73.7607421875,41.772010803222656
1102,37,1367,0,79.45343780517578,138.54525756835938,106.13934326171875,47.74210739135742
1103,37,1367,1,72.6098861694336,67.04263305664062,105.84192657470703,127.8345718383789
1104,37,1367,2,133.96583557128906,139.05616760253906,72.79743957519531,41.327301025390625
1105,37,1368,0,79.12896728515625,138.5792236328125,106.92497253417969,48.07672882080078
1106,37,1368,1,72.3448486328125,68.21984100341797,106.68241119384766,127.91439819335938
1107,37,1368,2,132.80323791503906,139.08908081054688,72.6602554321289,41.67054748535156
1108,37,1369,0,78.5524673461914,139.85061645507812,107.25609588623047,47.60843276977539
1109,37,1369,1,71.7795639038086,69.05641174316406,107.03016662597656,127.79222106933594
1110,37,1369,2,131.97703552246094,140.4482879638672,72.77000427246094,41.16630172729492
1111,37,1370,0,77.95868682861328,140.26824951171875,107.95299530029297,47.893348693847656
1112,37,1370,1,71.13992309570312,68.99673461914062,107.77191162109375,127.80624389648438
1113,37,1370,2,132.06785583496094,140.90380859375,72.70558166503906,41.45848083496094
1114,37,1371,0,77.91739654541016,141.5186004638672,108.11539459228516,47.5648078918457
1115,37,1371,1,71.17671203613281,70.29174041748047,107.98513793945312,128.35858154296875
1116,37,1371,2,130.7468719482422,142.22840881347656,72.14603424072266,41.1014404296875
1117,37,1372,0,78.13108825683594,142.51785278320312,108.9004135131836,47.17509078979492
1118,37,1372,1,71.4376220703125,70.87020874023438,108.84424591064453,128.646484375
1119,37,1372,2,130.13400268554688,143.28631591796875,71.81298828125,40.6705436706543
1120,37,1373,0,77.11894226074219,143.5113983154297,109.93651580810547,47.41130065917969
1121,37,1373,1,70.41724395751953,71.81232452392578,109.99034881591797,129.27999877929688
1122,37,1373,2,129.2347869873047,144.35540771484375,71.1050796508789,40.90074920654297
1123,37,1374,0,77.0120620727539,144.658203125,110.66102600097656,47.33977508544922
1124,37,1374,1,70.31773376464844,72.1314926147461,110.7484130859375,129.06695556640625
1125,37,1374,2,128.90049743652344,145.5777587890625,71.27348327636719,40.81382751464844
1126,37,1375,0,76.4999771118164,145.2470703125,111.769775390625,47.8469352722168
1127,37,1375,1,69.82539367675781,72.96339416503906,112.02130889892578,130.44760131835938
1128,37,1375,2,128.08705139160156,146.20790100097656,69.80531311035156,41.326637268066406
1129,37,1376,0,77.45637512207031,146.138427734375,111.73050689697266,47.57423782348633
1130,37,1376,1,70.89372253417969,73.76302337646484,112.0010757446289,130.73570251464844
1131,37,1376,2,127.20600891113281,147.13693237304688,69.52330017089844,41.0344352722168
1132,37,1377,0,77.52305603027344,146.81129455566406,112.1221694946289,47.38225173950195
1133,37,1377,1,70.97673034667969,74.000732421875,112.44122314453125,131.04783630371094
1134,37,1377,2,126.95086669921875,147.85157775878906,69.18775939941406,40.820945739746094
1135,37,1378,0,78.29810333251953,148.23532104492188,112.32696533203125,48.17797088623047
1136,37,1378,1,71.84375762939453,74.7347640991211,112.70232391357422,131.75289916992188
1137,37,1378,2,126.13792419433594,149.35206604003906,68.4516372680664,41.661495208740234
1138,37,1379,0,78.10333251953125,149.90505981445312,112.81893157958984,47.867305755615234
1139,37,1379,1,71.56857299804688,73.91146850585938,113.24322509765625,131.96339416503906
1140,37,1379,2,126.94801330566406,151.14186096191406,68.21389770507812,41.32044219970703
1141,37,1380,0,78.26522064208984,151.01998901367188,113.8647232055664,48.07468032836914
1142,37,1380,1,71.78479766845703,74.65332794189453,114.38555908203125,132.3890380859375
1143,37,1380,2,126.17223358154297,152.3225860595703,67.7147445678711,41.521240234375
1144,37,1381,0,77.71305847167969,151.29103088378906,113.7994155883789,47.99689865112305
1145,37,1381,1,71.21161651611328,74.89959716796875,114.2994384765625,132.14071655273438
1146,37,1381,2,125.95553588867188,152.6186981201172,67.9698257446289,41.44117736816406
1147,37,1382,0,78.4719467163086,152.43743896484375,114.17652893066406,48.566734313964844
1148,37,1382,1,72.01016235351562,74.86162567138672,114.7374267578125,132.72430419921875
1149,37,1382,2,125.92440032958984,153.8291015625,67.34867858886719,42.03872299194336
1150,37,1383,0,78.43651580810547,153.78738403320312,114.3592529296875,49.665863037109375
1151,37,1383,1,71.97482299804688,75.02552795410156,114.96643829345703,133.3351593017578
1152,37,1383,2,125.73792266845703,155.2678985595703,66.70313262939453,43.20396041870117
1153,37,1384,0,79.16398620605469,153.38311767578125,114.59355163574219,48.873348236083984
1154,37,1384,1,72.70878601074219,74.3863754272461,115.25506591796875,133.82318115234375
1155,37,1384,2,126.34063720703125,154.82974243164062,66.21196746826172,42.35125732421875
1156,37,1385,0,79.31649017333984,154.67306518554688,116.04129028320312,49.73610305786133
1157,37,1385,1,72.8504638671875,74.20643615722656,116.75701904296875,133.31192016601562
1158,37,1385,2,126.48867797851562,156.20408630371094,66.61624908447266,43.25109100341797
1159,37,1386,0,79.15508270263672,154.97720336914062,115.31368255615234,49.920692443847656
1160,37,1386,1,72.71321105957031,74.73988342285156,115.9930648803711,133.49899291992188
1161,37,1386,2,125.9576416015625,156.5269775390625,66.47198486328125,43.45893478393555
1162,37,1387,0,79.71192932128906,155.27099609375,116.50113677978516,49.94774627685547
1163,37,1387,1,73.30095672607422,74.68522644042969,117.273193359375,133.71424865722656
1164,37,1387,2,125.97151947021484,156.8315887451172,66.1783218383789,43.46651077270508
1165,37,1388,0,80.37651062011719,154.87059020996094,117.1466064453125,50.15897750854492
1166,37,1388,1,73.96715545654297,74.03541564941406,117.98702239990234,134.11363220214844
1167,37,1388,2,126.58895111083984,156.39866638183594,65.73136901855469,43.67832946777344
1168,37,1389,0,81.25975799560547,155.2882843017578,117.0625991821289,50.287109375
1169,37,1389,1,74.89389038085938,73.86441040039062,117.95429229736328,134.95538330078125
1170,37,1389,2,126.696533203125,156.83102416992188,64.88871002197266,43.810550689697266
1171,37,1390,0,83.09639739990234,155.70565795898438,117.66632843017578,50.14757537841797
1172,37,1390,1,76.8609848022461,74.04834747314453,118.59986877441406,134.97286987304688
1173,37,1390,2,126.38601684570312,157.24493408203125,64.83451843261719,43.6515998840332
1174,37,1391,0,87.81275939941406,156.50392150878906,117.7841796875,51.02155685424805
1175,37,1391,1,81.95218658447266,75.07596588134766,118.78337860107422,135.90609741210938
1176,37,1391,2,125.03530883789062,158.01223754882812,63.87333679199219,44.575439453125
1177,37,1392,0,92.91343688964844,157.3741912841797,118.5794677734375,51.1284294128418
1178,37,1392,1,87.41253662109375,75.52336883544922,119.63687133789062,136.00331115722656
1179,37,1392,2,124.24160766601562,158.8546142578125,63.72218704223633,44.67557144165039
1180,37,1393,0,95.69859313964844,156.74215698242188,118.05419921875,50.999080657958984
1181,37,1393,1,90.38065338134766,75.4640121459961,119.13551330566406,136.84336853027344
1182,37,1393,2,124.1331787109375,158.13613891601562,62.914432525634766,44.54049301147461
1183,37,1394,0,97.7033462524414,156.1675262451172,118.92088317871094,51.53250503540039
1184,37,1394,1,92.51702880859375,75.40808868408203,120.05166625976562,136.78768920898438
1185,37,1394,2,124.07056427001953,157.4914093017578,62.90454864501953,45.095550537109375
1186,37,1395,0,98.6568374633789,156.00318908691406,119.33110046386719,51.407371520996094
1187,37,1395,1,93.4947738647461,74.83314514160156,120.51493835449219,137.15570068359375
1188,37,1395,2,124.59001922607422,157.30511474609375,62.51043701171875,44.95270919799805
1189,37,1396,0,99.7391357421875,155.16592407226562,119.20547485351562,52.18328094482422
1190,37,1396,1,94.69400024414062,75.4188461303711,120.44380950927734,138.1499481201172
1191,37,1396,2,123.94669342041016,156.39036560058594,61.505470275878906,45.775516510009766
1192,37,1397,0,101.14093780517578,155.07763671875,119.12512969970703,52.46702194213867
1193,37,1397,1,96.14822387695312,74.83256530761719,120.41803741455078,139.05194091796875
1194,37,1397,2,124.44731140136719,156.27804565429688,60.59919357299805,46.073204040527344
1195,37,1398,0,102.15342712402344,154.4141082763672,119.81719207763672,53.16316604614258
1196,37,1398,1,97.25462341308594,75.16667175292969,121.19740295410156,139.73219299316406
1197,37,1398,2,124.0582504272461,155.5515899658203,59.85821533203125,46.79950714111328
1198,37,1399,0,102.89164733886719,153.69000244140625,120.57828521728516,54.012062072753906
1199,37,1399,1,98.03907775878906,75.06255340576172,122.01742553710938,139.94776916503906
1200,37,1399,2,124.1283950805664,154.76824951171875,59.57688903808594,47.69091033935547
1201,37,1400,0,104.18124389648438,153.1907501220703,120.52296447753906,53.83603286743164
1202,37,1400,1,99.39295196533203,74.71580505371094,121.99297332763672,140.4337158203125
1203,37,1400,2,124.40286254882812,154.21768188476562,59.09532928466797,47.50069046020508
1204,37,1401,0,105.1915054321289,151.92759704589844,120.89043426513672,55.613643646240234
1205,37,1401,1,100.48377227783203,74.79857635498047,122.41265106201172,141.0220489501953
1206,37,1401,2,124.27727508544922,152.85369873046875,58.44810104370117,49.38660430908203
1207,37,1402,0,105.04947662353516,151.72967529296875,120.48367309570312,55.4594612121582
1208,37,1402,1,100.2662582397461,73.814697265625,122.03167724609375,141.77316284179688
1209,37,1402,2,125.27898406982422,152.6522979736328,57.72247314453125,49.2236213684082
1210,37,1403,0,106.26760864257812,149.89532470703125,120.41105651855469,55.60190963745117
1211,37,1403,1,101.65545654296875,74.96086883544922,122.02091979980469,142.7595672607422
1212,37,1403,2,124.08140563964844,150.66781616210938,56.73341369628906,49.369781494140625
1213,37,1404,0,106.79187774658203,149.33155822753906,121.2494125366211,56.401611328125
1214,37,1404,1,102.14500427246094,73.89742279052734,122.9235610961914,142.97425842285156
1215,37,1404,2,125.12670135498047,150.06613159179688,56.44882583618164,50.2073974609375
1216,37,1405,0,106.94998168945312,147.21067810058594,120.48242950439453,57.84003448486328
1217,37,1405,1,102.1851806640625,71.81959533691406,122.1528549194336,143.79989624023438
1218,37,1405,2,127.24288177490234,147.81716918945312,55.642765045166016,51.74856948852539
1219,37,1406,0,107.37467193603516,146.0113525390625,120.74789428710938,57.771278381347656
1220,37,1406,1,102.52816772460938,70.10446166992188,122.45808410644531,144.11871337890625
1221,37,1406,2,128.96092224121094,146.5440216064453,55.306400299072266,51.668601989746094
1222,37,1407,0,107.69027709960938,145.0803680419922,120.63813018798828,58.320518493652344
1223,37,1407,1,102.81304168701172,69.26268768310547,122.38349914550781,144.79246520996094
1224,37,1407,2,129.80345153808594,145.55230712890625,54.62650680541992,52.25148391723633
1225,37,1408,0,108.77108764648438,144.59902954101562,119.77204132080078,58.359642028808594
1226,37,1408,1,103.93061828613281,68.7152099609375,121.49152374267578,145.2487335205078
1227,37,1408,2,130.2928924560547,145.0256805419922,54.22334671020508,52.30437088012695
1228,37,1409,0,109.57701110839844,144.3876190185547,120.0044174194336,60.29090118408203
1229,37,1409,1,104.83329010009766,69.33140563964844,121.74461364746094,145.52200317382812
1230,37,1409,2,129.62562561035156,144.78273010253906,53.89863967895508,54.35850143432617
1231,37,1410,0,111.2147216796875,142.92816162109375,119.0634765625,61.06752395629883
1232,37,1410,1,106.65608978271484,70.31572723388672,120.79674530029297,146.4002685546875
1233,37,1410,2,128.55699157714844,143.19248962402344,53.062965393066406,55.19614791870117
1234,37,1411,0,112.19371795654297,142.36880493164062,119.39567565917969,62.421165466308594
1235,37,1411,1,107.7597427368164,71.1386947631836,121.0508041381836,145.07806396484375
1236,37,1411,2,127.67693328857422,142.5740966796875,54.345359802246094,56.644039154052734
1237,37,1412,0,112.83348083496094,140.90396118164062,118.20507049560547,62.74820327758789
1238,37,1412,1,108.475830078125,71.49344635009766,119.87179565429688,146.42039489746094
1239,37,1412,2,127.30545806884766,140.9988250732422,53.067691802978516,57.00289535522461
1240,37,1413,0,114.03421020507812,140.15695190429688,117.48609161376953,64.00040435791016
1241,37,1413,1,109.78459930419922,71.8431396484375,119.0130386352539,145.1958770751953
1242,37,1413,2,126.89015197753906,140.1802520751953,54.32182312011719,58.359283447265625
1243,37,1414,0,114.46894073486328,139.31198120117188,117.68578338623047,65.213134765625
1244,37,1414,1,110.33455657958984,73.02229309082031,119.22138214111328,145.2519989013672
1245,37,1414,2,125.69222259521484,139.26333618164062,54.23046112060547,59.64906311035156
1246,37,1415,0,115.11221313476562,139.26808166503906,116.83040618896484,66.49749755859375
1247,37,1415,1,110.99728393554688,72.68439483642578,118.30865478515625,145.363037109375
1248,37,1415,2,125.99137878417969,139.20875549316406,54.15092468261719,61.03227233886719
1249,37,1416,0,115.69269561767578,138.1387939453125,115.95511627197266,66.7639389038086
1250,37,1416,1,111.70513916015625,73.87284088134766,117.37352752685547,145.3548583984375
1251,37,1416,2,124.77976989746094,137.9861602783203,54.21088409423828,61.33101272583008
1252,37,1417,0,116.17315673828125,137.7209014892578,115.03054809570312,67.26325988769531
1253,37,1417,1,112.24341583251953,74.21340942382812,116.33111572265625,144.5716094970703
1254,37,1417,2,124.41413116455078,137.5302734375,55.048587799072266,61.88456344604492
1255,37,1418,0,116.87864685058594,137.42242431640625,115.45279693603516,67.18738555908203
1256,37,1418,1,113.03971862792969,74.83089447021484,116.81006622314453,144.9863739013672
1257,37,1418,2,123.75354766845703,137.19606018066406,54.605804443359375,61.79367446899414
1258,37,1419,0,117.92434692382812,135.68276977539062,115.057373046875,67.12393951416016
1259,37,1419,1,114.19969940185547,75.322265625,116.41526794433594,145.36752319335938
1260,37,1419,2,123.22347259521484,135.3201141357422,54.24947738647461,61.72978591918945
1261,37,1420,0,119.50791931152344,134.55320739746094,113.66761779785156,66.98403930664062
1262,37,1420,1,115.87158966064453,74.9790267944336,114.85370635986328,144.17910766601562
1263,37,1420,2,123.48677062988281,134.09243774414062,55.535919189453125,61.612213134765625
1264,37,1421,0,121.2269515991211,132.5738983154297,113.05555725097656,66.5857925415039
1265,37,1421,1,117.70832824707031,74.84983825683594,114.19979095458984,144.1150665283203
1266,37,1421,2,123.54134368896484,131.95455932617188,55.646949768066406,61.19806671142578
1267,37,1422,0,123.59449005126953,132.9562225341797,112.404541015625,66.20196533203125
1268,37,1422,1,120.14515686035156,73.62531280517578,113.50189971923828,144.0166473388672
1269,37,1422,2,124.613037109375,132.33348083496094,55.7947883605957,60.80017852783203
1270,37,1423,0,123.72236633300781,132.75706481933594,110.4078140258789,65.30489349365234
1271,37,1423,1,120.23795318603516,72.97032928466797,111.35615539550781,143.66641235351562
1272,37,1423,2,125.26690673828125,132.12396240234375,56.29196548461914,59.878990173339844
1273,37,1424,0,124.73750305175781,133.10177612304688,109.20882415771484,65.40033721923828
1274,37,1424,1,121.28443908691406,72.48648834228516,110.09486389160156,143.91517639160156
1275,37,1424,2,125.68192291259766,132.47909545898438,56.11772918701172,59.998802185058594
1276,37,1425,0,125.71719360351562,134.033935546875,107.72716522216797,64.85498809814453
1277,37,1425,1,122.27253723144531,71.76008605957031,108.45845794677734,143.02401733398438
1278,37,1425,2,126.33258819580078,133.46322631835938,57.11870193481445,59.44814682006836
1279,37,1426,0,126.98661804199219,135.33721923828125,106.37213897705078,64.6396255493164
1280,37,1426,1,123.51970672607422,70.34465789794922,107.02103424072266,143.0985565185547
1281,37,1426,2,127.65061950683594,134.84375,57.135215759277344,59.24032211303711
1282,37,1427,0,127.80632019042969,136.24636840820312,105.89493560791016,63.2952766418457
1283,37,1427,1,124.35955047607422,69.94055938720703,106.47846221923828,142.46975708007812
1284,37,1427,2,127.98807525634766,135.8035888671875,57.82200622558594,57.8189697265625
1285,37,1428,0,128.93959045410156,137.4474639892578,104.62786102294922,62.68384552001953
1286,37,1428,1,125.64881134033203,71.24700164794922,105.15863800048828,142.85299682617188
1287,37,1428,2,126.58070373535156,137.05718994140625,57.52980041503906,57.18503952026367
1288,37,1429,0,130.13258361816406,138.78445434570312,103.67572784423828,62.18443298339844
1289,37,1429,1,126.88904571533203,70.92259979248047,104.16561126708984,143.11888122558594
1290,37,1429,2,126.80641174316406,138.46688842773438,57.3331184387207,56.66621398925781
1291,37,1430,0,130.76583862304688,139.91038513183594,102.75845336914062,61.054588317871094
1292,37,1430,1,127.5395278930664,70.6768569946289,103.13174438476562,142.18658447265625
1293,37,1430,2,126.99285888671875,139.65985107421875,58.34941482543945,55.48310852050781
1294,37,1431,0,130.9283905029297,141.0543975830078,101.34495544433594,61.14812088012695
1295,37,1431,1,127.73472595214844,71.11056518554688,101.59937286376953,141.81686401367188
1296,37,1431,2,126.52630615234375,140.87461853027344,58.81043243408203,55.60890197753906
1297,37,1432,0,132.20204162597656,142.77101135253906,99.75503540039062,60.47536087036133
1298,37,1432,1,129.07411193847656,71.0164566040039,99.90054321289062,141.6852264404297
1299,37,1432,2,126.50860595703125,142.68634033203125,59.057491302490234,54.91865158081055
1300,37,1433,0,132.37893676757812,144.2412872314453,98.36051940917969,59.77373123168945
1301,37,1433,1,129.2883758544922,71.5378646850586,98.37999725341797,141.11492919921875
1302,37,1433,2,125.94718933105469,144.24826049804688,59.73313903808594,54.19751739501953
1303,37,1434,0,132.61705017089844,145.54193115234375,96.75853729248047,58.745914459228516
1304,37,1434,1,129.56240844726562,71.96237182617188,96.66067504882812,140.83743286132812
1305,37,1434,2,125.48224639892578,145.6289520263672,60.133914947509766,53.129844665527344
1306,37,1435,0,131.9127655029297,147.80856323242188,95.6986083984375,57.60792922973633
1307,37,1435,1,128.7803955078125,71.72895050048828,95.50442504882812,140.3370361328125
1308,37,1435,2,125.72224426269531,148.06004333496094,60.725563049316406,51.93728256225586
1309,37,1436,0,132.58901977539062,148.69476318359375,94.38138580322266,57.174434661865234
1310,37,1436,1,129.54994201660156,72.52900695800781,94.06877136230469,139.83042907714844
1311,37,1436,2,124.85892486572266,148.9888153076172,61.32734298706055,51.5003776550293
1312,37,1437,0,132.04312133789062,149.4275665283203,94.0045166015625,56.79700469970703
1313,37,1437,1,129.04071044921875,73.66067504882812,93.54157257080078,137.96620178222656
1314,37,1437,2,123.7436752319336,149.7709197998047,63.23133087158203,51.11738204956055
1315,37,1438,0,131.44432067871094,149.85386657714844,93.36091613769531,56.93783950805664
1316,37,1438,1,128.46336364746094,74.59075164794922,92.78194427490234,136.9072723388672
1317,37,1438,2,122.83991241455078,150.22840881347656,64.33409881591797,51.28575897216797
1318,37,1439,0,130.91510009765625,151.264892578125,92.33164978027344,56.919654846191406
1319,37,1439,1,127.90595245361328,74.82676696777344,91.62069702148438,135.96937561035156
1320,37,1439,2,122.61192321777344,151.74041748046875,65.34307098388672,51.290069580078125
1321,37,1440,0,130.90196228027344,151.85256958007812,92.65545654296875,56.58326721191406
1322,37,1440,1,127.96527099609375,75.9550552368164,91.88065338134766,134.6978759765625
1323,37,1440,2,121.46833038330078,152.3592071533203,66.60554504394531,50.934913635253906
1324,37,1441,0,130.912109375,152.33065795898438,92.25456237792969,55.522674560546875
1325,37,1441,1,127.94126892089844,75.49373626708984,91.37950897216797,133.5185546875
1326,37,1441,2,121.92318725585938,152.8727569580078,67.83528900146484,49.818721771240234
1327,37,1442,0,130.82504272460938,152.23741149902344,91.80621337890625,55.804359436035156
1328,37,1442,1,127.95974731445312,77.1083755493164,90.84996795654297,132.79397583007812
1329,37,1442,2,120.30748748779297,152.76268005371094,68.58698272705078,50.13166046142578
1330,37,1443,0,129.70533752441406,151.82345581054688,91.80059051513672,56.005184173583984
1331,37,1443,1,126.77527618408203,77.19559478759766,90.7755355834961,131.81814575195312
1332,37,1443,2,120.29949188232422,152.33851623535156,69.56398010253906,50.3527946472168
1333,37,1444,0,129.32843017578125,153.615966796875,91.8738784790039,55.30484390258789
1334,37,1444,1,126.36773681640625,77.28770446777344,90.79373931884766,130.8779754638672
1335,37,1444,2,120.19960021972656,154.25604248046875,70.51632690429688,49.6112174987793
1336,37,1445,0,129.1431884765625,153.5322265625,91.85569763183594,55.44839859008789
1337,37,1445,1,126.15045928955078,76.98885345458984,90.74679565429688,130.49119567871094
1338,37,1445,2,120.51366424560547,154.1721649169922,70.90335083007812,49.76728439331055
1339,37,1446,0,127.8638916015625,154.35446166992188,91.8423843383789,55.46009826660156
1340,37,1446,1,124.88362884521484,78.47930145263672,90.67298889160156,129.62515258789062
1341,37,1446,2,119.0833511352539,155.05841064453125,71.77397155761719,49.78606033325195
1342,37,1447,0,123.99882507324219,153.99874877929688,91.05692291259766,55.9195671081543
1343,37,1447,1,120.83937072753906,79.5345687866211,89.71460723876953,127.90576934814453
1344,37,1447,2,118.27792358398438,154.7325439453125,73.54377746582031,50.301326751708984
1345,37,1448,0,119.59073638916016,154.1233367919922,90.14785766601562,55.312156677246094
1346,37,1448,1,116.20822143554688,80.5164794921875,88.72803497314453,127.58840942382812
1347,37,1448,2,117.57269287109375,154.9281768798828,73.93212127685547,49.670711517333984
1348,37,1449,0,116.87114715576172,154.48329162597656,91.07717895507812,55.99475860595703
1349,37,1449,1,113.329833984375,80.84033203125,89.62654113769531,126.31790161132812
1350,37,1449,2,117.41606903076172,155.35304260253906,75.1362075805664,50.392311096191406
1351,37,1450,0,115.31884002685547,154.6522979736328,90.75923919677734,55.38894271850586
1352,37,1450,1,111.71001434326172,81.3583984375,89.31779479980469,126.69673919677734
1353,37,1450,2,116.992431640625,155.55418395996094,74.78684997558594,49.74862289428711
1354,37,1451,0,113.7053451538086,154.14913940429688,91.37211608886719,55.75417709350586
1355,37,1451,1,110.00492858886719,81.51774597167969,89.9540786743164,126.48690795898438
1356,37,1451,2,116.94525146484375,155.0421142578125,74.95137786865234,50.129432678222656
1357,37,1452,0,112.02661895751953,154.76315307617188,91.4983139038086,56.01127624511719
1358,37,1452,1,108.17214965820312,80.93819427490234,90.0559310913086,126.0373306274414
1359,37,1452,2,117.62522888183594,155.7282257080078,75.39015197753906,50.40468978881836
1360,37,1453,0,110.89398956298828,154.2482147216797,92.49809265136719,55.60615158081055
1361,37,1453,1,106.99114227294922,81.26607513427734,91.17163848876953,126.72798156738281
1362,37,1453,2,117.37787628173828,155.19467163085938,74.63882446289062,49.951026916503906
1363,37,1454,0,110.17655181884766,153.9027862548828,93.02032470703125,55.843963623046875
1364,37,1454,1,106.25830841064453,81.69379425048828,91.65825653076172,125.7332992553711
1365,37,1454,2,117.00041961669922,154.83453369140625,75.60008239746094,50.20305633544922
1366,37,1455,0,109.6966552734375,153.2136688232422,93.9547348022461,55.821632385253906
1367,37,1455,1,105.70277404785156,80.98273468017578,92.66910552978516,125.9493408203125
1368,37,1455,2,117.7585220336914,154.11276245117188,75.32293701171875,50.16215896606445
1369,37,1456,0,108.92462158203125,153.2205810546875,93.99214935302734,56.18746566772461
1370,37,1456,1,104.84486389160156,80.47000122070312,92.7038345336914,125.9106674194336
1371,37,1456,2,118.32371520996094,154.13644409179688,75.35262298583984,50.55195617675781
1372,37,1457,0,108.72836303710938,151.89437866210938,96.3100357055664,56.427146911621094
1373,37,1457,1,104.54157257080078,78.96776580810547,95.25907135009766,127.17032623291016
1374,37,1457,2,119.8701400756836,152.73672485351562,73.9328384399414,50.760215759277344
1375,37,1458,0,108.56729888916016,152.38389587402344,97.11376953125,56.54903030395508
1376,37,1458,1,104.27533721923828,77.63629913330078,96.10110473632812,126.97053527832031
1377,37,1458,2,121.21049499511719,153.2716522216797,74.07935333251953,50.87832260131836
1378,37,1459,0,107.80218505859375,153.1651153564453,98.31171417236328,56.87133026123047
1379,37,1459,1,103.44993591308594,77.56558227539062,97.3967514038086,127.27778625488281
1380,37,1459,2,121.31720733642578,154.11767578125,73.68733215332031,51.2000617980957
1381,37,1460,0,106.92337036132812,152.88778686523438,99.99198150634766,57.13285827636719
1382,37,1460,1,102.59884643554688,78.7827377319336,99.18167877197266,127.2183837890625
1383,37,1460,2,120.15534210205078,153.82669067382812,73.63367462158203,51.4516716003418
1384,37,1461,0,106.92412567138672,153.95950317382812,100.76448822021484,57.21807098388672
1385,37,1461,1,102.68379211425781,80.11271667480469,100.05558776855469,127.9639663696289
1386,37,1461,2,118.79956817626953,154.9596405029297,72.83293914794922,51.5244255065918
1387,37,1462,0,105.92133331298828,153.84230041503906,101.48760223388672,56.911354064941406
1388,37,1462,1,101.69619750976562,81.28119659423828,100.82281494140625,127.8836441040039
1389,37,1462,2,117.6917724609375,154.84173583984375,72.87232208251953,51.1859016418457
1390,37,1463,0,105.8175277709961,154.28414916992188,103.08407592773438,57.23299026489258
1391,37,1463,1,101.69996643066406,82.99039459228516,102.53353881835938,128.0502471923828
1392,37,1463,2,115.97267150878906,155.3015899658203,72.59590911865234,51.501441955566406
1393,37,1464,0,105.93915557861328,154.33908081054688,103.85653686523438,57.02674865722656
1394,37,1464,1,101.92797088623047,84.42887115478516,103.3410873413086,127.80097961425781
1395,37,1464,2,114.5180435180664,155.3472900390625,72.80006408691406,51.270503997802734
1396,37,1465,0,105.5993423461914,154.22267150878906,105.47518920898438,57.16481399536133
1397,37,1465,1,101.65107727050781,85.65873718261719,105.09176635742188,128.18711853027344
1398,37,1465,2,113.30584716796875,155.21917724609375,72.30491638183594,51.388336181640625
1399,37,1466,0,104.7437744140625,153.77511596679688,105.29927825927734,57.602577209472656
1400,37,1466,1,100.78775024414062,86.31912231445312,104.92005157470703,128.46060180664062
1401,37,1466,2,112.70516967773438,154.7504425048828,72.03343200683594,51.8561897277832
1402,37,1467,0,105.3541030883789,153.51898193359375,106.54347229003906,57.286346435546875
1403,37,1467,1,101.43743896484375,86.2838363647461,106.26041412353516,128.63824462890625
1404,37,1467,2,112.70606994628906,154.4679412841797,71.78015899658203,51.497135162353516
1405,37,1468,0,104.85995483398438,152.6476287841797,107.51091003417969,57.30025863647461
1406,37,1468,1,101.04528045654297,88.15680694580078,107.35660552978516,129.58895874023438
1407,37,1468,2,110.87068939208984,153.53219604492188,70.76197052001953,51.48921585083008
1408,37,1469,0,104.5480728149414,153.35009765625,109.19796752929688,58.0236701965332
1409,37,1469,1,100.71361541748047,88.23428344726562,109.16535949707031,129.81732177734375
1410,37,1469,2,110.80060577392578,154.28573608398438,70.410400390625,52.231483459472656
1411,37,1470,0,104.8370361328125,153.065185546875,111.50959777832031,58.606239318847656
1412,37,1470,1,101.13143157958984,89.807373046875,111.61247253417969,129.6337432861328
1413,37,1470,2,109.20587158203125,153.9652557373047,70.43501281738281,52.81627655029297
1414,37,1471,0,103.92048645019531,153.047607421875,112.5859603881836,59.01995086669922
1415,37,1471,1,100.2016372680664,90.4875717163086,112.70352935791016,128.85704040527344
1416,37,1471,2,108.58158874511719,153.95582580566406,71.1384506225586,53.24554443359375
1417,37,1472,0,103.08148956298828,152.22596740722656,112.66547393798828,59.95933532714844
1418,37,1472,1,99.32433319091797,90.65052032470703,112.79780578613281,129.0899658203125
1419,37,1472,2,108.48649597167969,153.09170532226562,70.88223266601562,54.24458312988281
1420,37,1473,0,102.05669403076172,152.1339569091797,114.21360778808594,59.60538864135742
1421,37,1473,1,98.24850463867188,90.87615966796875,114.38218688964844,128.09823608398438
1422,37,1473,2,108.3274154663086,153.00811767578125,71.7851333618164,53.848876953125
1423,37,1474,0,100.70803833007812,150.93666076660156,114.31929016113281,59.921478271484375
1424,37,1474,1,96.8875732421875,91.86851501464844,114.51234436035156,128.38583374023438
1425,37,1474,2,107.43804168701172,151.7450408935547,71.4834976196289,54.1822624206543
1426,37,1475,0,99.05196380615234,149.9766082763672,115.06151580810547,59.99144744873047
1427,37,1475,1,95.0799331665039,91.14849853515625,115.27538299560547,127.98441314697266
1428,37,1475,2,108.28555297851562,150.75308227539062,71.83760070800781,54.247676849365234
1429,37,1476,0,97.63675689697266,149.68922424316406,114.4636001586914,61.21111297607422
1430,37,1476,1,93.47100830078125,89.65022277832031,114.6133804321289,127.7454833984375
1431,37,1476,2,109.88794708251953,150.48065185546875,72.09426879882812,55.56019973754883
1432,37,1477,0,95.5261001586914,148.4289093017578,115.00371551513672,61.28752517700195
1433,37,1477,1,91.22490692138672,89.5705337524414,115.18579864501953,127.70629119873047
1434,37,1477,2,110.1263198852539,149.17079162597656,72.09732055664062,55.6331787109375
1435,37,1478,0,93.4202651977539,148.15760803222656,115.57463073730469,62.02884292602539
1436,37,1478,1,88.95918273925781,89.22596740722656,115.74681854248047,127.0882568359375
1437,37,1478,2,110.61309814453125,148.91757202148438,72.66812896728516,56.41910171508789
1438,37,1479,0,92.00532531738281,147.13323974609375,115.62112426757812,62.51472854614258
1439,37,1479,1,87.48857116699219,89.66647338867188,115.78624725341797,126.9894027709961
1440,37,1479,2,110.27958679199219,147.84429931640625,72.75566101074219,56.9373664855957
1441,37,1480,0,90.55721282958984,147.26560974121094,116.38738250732422,62.831329345703125
1442,37,1480,1,85.90204620361328,89.04582977294922,116.5914306640625,126.85372924804688
1443,37,1480,2,110.99437713623047,148.01321411132812,72.8367691040039,57.263572692871094
1444,37,1481,0,89.95649719238281,146.5797576904297,117.0875244140625,63.303611755371094
1445,37,1481,1,85.2912368774414,89.40560913085938,117.3217544555664,126.66943359375
1446,37,1481,2,110.6836166381836,147.2886199951172,72.96822357177734,57.75727844238281
1447,37,1482,0,89.36404418945312,145.56918334960938,116.51592254638672,64.28524780273438
1448,37,1482,1,84.61772155761719,88.69351196289062,116.65218353271484,125.88711547851562
1449,37,1482,2,111.45549011230469,146.22584533691406,73.77361297607422,58.81941604614258
1450,37,1483,0,87.94135284423828,145.10348510742188,116.8350830078125,65.3702163696289
1451,37,1483,1,83.05345153808594,87.94529724121094,116.95213317871094,125.4090805053711
1452,37,1483,2,112.30743408203125,145.7576141357422,74.21385955810547,59.97502517700195
1453,37,1484,0,87.49263000488281,144.5093994140625,116.99188232421875,64.76054382324219
1454,37,1484,1,82.4925537109375,86.68363189697266,117.04020690917969,124.19558715820312
1455,37,1484,2,113.6150894165039,145.14088439941406,75.43415069580078,59.330997467041016
1456,37,1485,0,87.37014770507812,143.7492218017578,116.83692169189453,65.95065307617188
1457,37,1485,1,82.3181381225586,85.97148132324219,116.83126068115234,123.67576599121094
1458,37,1485,2,114.35232543945312,144.337646484375,75.94512939453125,60.60680389404297
1459,37,1486,0,87.20979309082031,143.73699951171875,116.39895629882812,65.55828094482422
1460,37,1486,1,82.19837951660156,86.71342468261719,116.36767578125,123.68354034423828
1461,37,1486,2,113.61713409423828,144.3214569091797,75.97256469726562,60.195377349853516
1462,37,1487,0,86.19735717773438,143.36444091796875,116.86998748779297,65.89158630371094
1463,37,1487,1,81.11145782470703,86.55937957763672,116.81250762939453,122.88270568847656
1464,37,1487,2,113.84375,143.94143676757812,76.74095916748047,60.54908752441406
1465,37,1488,0,86.48187255859375,142.1618194580078,117.19034576416016,67.33218383789062
1466,37,1488,1,81.38816833496094,86.058837890625,117.01350402832031,120.97785186767578
1467,37,1488,2,114.34992218017578,142.6582794189453,78.6087417602539,62.09444046020508
1468,37,1489,0,86.00212860107422,140.79144287109375,116.79834747314453,68.0841293334961
1469,37,1489,1,80.79830932617188,84.7825927734375,116.54468536376953,120.3087158203125
1470,37,1489,2,115.68794250488281,141.21429443359375,79.29296875,62.90782165527344
1471,37,1490,0,85.74931335449219,139.90069580078125,116.27447509765625,68.46755981445312
1472,37,1490,1,80.4635009765625,83.74535369873047,115.90068054199219,119.09774017333984
1473,37,1490,2,116.76261901855469,140.27633666992188,80.53687286376953,63.33420181274414
1474,37,1491,0,85.20841217041016,140.03663635253906,116.16474914550781,68.4671630859375
1475,37,1491,1,79.84256744384766,83.10978698730469,115.68363189697266,117.63783264160156
1476,37,1491,2,117.43392181396484,140.43475341796875,82.01111602783203,63.346229553222656
1477,37,1492,0,85.28202056884766,139.92576599121094,116.0743408203125,67.7276382446289
1478,37,1492,1,79.91436767578125,83.00206756591797,115.53031158447266,116.73363494873047
1479,37,1492,2,117.53948974609375,140.316162109375,82.93888854980469,62.56546401977539
1480,37,1493,0,84.63458251953125,138.81881713867188,116.01676177978516,68.08658599853516
1481,37,1493,1,79.18659973144531,82.34490966796875,115.3900146484375,115.61830139160156
1482,37,1493,2,118.26131439208984,139.1510009765625,84.05704498291016,62.95743942260742
1483,37,1494,0,84.69832611083984,137.01419067382812,115.03983306884766,67.30143737792969
1484,37,1494,1,79.28907775878906,82.67404174804688,114.39152526855469,116.16384887695312
1485,37,1494,2,117.9583511352539,137.22296142578125,83.58580017089844,62.13187789916992
1486,37,1495,0,84.31421661376953,135.9862823486328,114.88993072509766,67.29852294921875
1487,37,1495,1,78.8526382446289,82.18054962158203,114.22288513183594,116.03443908691406
1488,37,1495,2,118.49732208251953,136.1366424560547,83.72553253173828,62.13218688964844
1489,37,1496,0,84.74052429199219,134.68069458007812,114.95169067382812,66.98344421386719
1490,37,1496,1,79.22318267822266,80.83698272705078,114.18866729736328,114.54419708251953
1491,37,1496,2,119.84357452392578,134.7477264404297,85.22486114501953,61.80595016479492
1492,37,1497,0,85.46847534179688,133.87118530273438,114.49137878417969,67.5020980834961
1493,37,1497,1,79.88865661621094,79.15498352050781,113.6590805053711,114.027587890625
1494,37,1497,2,121.5018539428711,133.8855743408203,85.76441192626953,62.3704833984375
1495,37,1498,0,84.64492797851562,132.26980590820312,114.13113403320312,67.68028259277344
1496,37,1498,1,78.92530822753906,77.75395965576172,113.24308013916016,113.57828521728516
1497,37,1498,2,122.99144744873047,132.2014923095703,86.2359619140625,62.56972122192383
1498,37,1499,0,84.09498596191406,133.14511108398438,113.66787719726562,67.550048828125
1499,37,1499,1,78.25772857666016,76.651611328125,112.73532104492188,113.36141967773438
1500,37,1499,2,124.11944580078125,133.15213012695312,86.486083984375,62.439945220947266
1501,37,1500,0,84.8031005859375,133.08877563476562,112.49302673339844,67.16551208496094
1502,37,1500,1,78.94878387451172,75.72125244140625,111.42247772216797,112.43896484375
1503,37,1500,2,125.01016998291016,133.0878143310547,87.49576568603516,62.055599212646484
1504,37,1501,0,84.43634033203125,134.50579833984375,112.00727081298828,66.82506561279297
1505,37,1501,1,78.46907043457031,74.5639877319336,110.85809326171875,111.72515869140625
1506,37,1501,2,126.17204284667969,134.61367797851562,88.25052642822266,61.70555877685547
1507,37,1502,0,84.2191162109375,135.71221923828125,110.36003112792969,66.37084197998047
1508,37,1502,1,78.14839172363281,73.38180541992188,109.10427856445312,111.7077407836914
1509,37,1502,2,127.35310363769531,135.9127655029297,88.38230895996094,61.24799728393555
1510,37,1503,0,84.0387191772461,135.77017211914062,109.64263153076172,65.92255401611328
1511,37,1503,1,77.81507873535156,71.33509063720703,108.27980041503906,110.79100799560547
1512,37,1503,2,129.42112731933594,135.99298095703125,89.35787200927734,60.78815841674805
1513,37,1504,0,84.134765625,135.64520263671875,109.11930084228516,65.98404693603516
1514,37,1504,1,77.88674926757812,70.87652587890625,107.70447540283203,110.5416488647461
1515,37,1504,2,129.878173828125,135.86166381835938,89.64107513427734,60.864112854003906
1516,37,1505,0,83.6181411743164,135.4243621826172,108.47120666503906,65.21332550048828
1517,37,1505,1,77.29662322998047,70.27952575683594,106.94972229003906,109.53275299072266
1518,37,1505,2,130.51544189453125,135.63890075683594,90.7105484008789,60.05986022949219
1519,37,1506,0,84.22061920166016,135.5019073486328,107.16422271728516,64.95764923095703
1520,37,1506,1,77.88377380371094,69.4880142211914,105.54908752441406,109.39712524414062
1521,37,1506,2,131.27108764648438,135.718017578125,90.93563079833984,59.80943298339844
1522,37,1507,0,84.7459716796875,134.75732421875,106.41466522216797,65.07251739501953
1523,37,1507,1,78.35565948486328,68.13660430908203,104.69039916992188,108.53755950927734
1524,37,1507,2,132.6090087890625,134.92578125,91.845703125,59.9504280090332
1525,37,1508,0,85.9560317993164,134.33860778808594,105.50724029541016,64.86811065673828
1526,37,1508,1,79.5718765258789,67.02922821044922,103.74127197265625,108.78053283691406
1527,37,1508,2,133.65191650390625,134.46832275390625,91.66361236572266,59.74544143676758
1528,37,1509,0,86.35814666748047,134.35128784179688,105.00220489501953,64.36051940917969
1529,37,1509,1,79.99645233154297,66.9722671508789,103.14131927490234,107.83213806152344
1530,37,1509,2,133.6831817626953,134.47589111328125,92.65834045410156,59.2191162109375
1531,37,1510,0,86.2974853515625,133.8152618408203,104.6893081665039,63.84661865234375
1532,37,1510,1,79.86820983886719,65.99539184570312,102.90000915527344,109.12490844726562
1533,37,1510,2,134.67860412597656,133.91256713867188,91.38844299316406,58.666717529296875
1534,37,1511,0,87.56167602539062,133.53536987304688,103.00630187988281,63.96480941772461
1535,37,1511,1,81.19576263427734,65.6811294555664,101.02974700927734,108.02314758300781
1536,37,1511,2,134.91831970214844,133.59629821777344,92.60198211669922,58.828224182128906
1537,37,1512,0,88.63040161132812,133.84609985351562,101.52426147460938,63.8712043762207
1538,37,1512,1,82.31425476074219,65.4127197265625,99.4843521118164,108.51272583007812
1539,37,1512,2,135.1140899658203,133.91275024414062,92.20709228515625,58.7490348815918
1540,37,1513,0,89.86537170410156,132.9140625,99.84817504882812,63.51503372192383
1541,37,1513,1,83.5316162109375,63.88532257080078,97.78949737548828,109.81179809570312
1542,37,1513,2,136.5867156982422,132.9105682373047,91.01588439941406,58.387081146240234
1543,37,1514,0,89.72628784179688,132.86448669433594,98.54141235351562,63.20857620239258
1544,37,1514,1,83.3461685180664,63.33863830566406,96.45581817626953,110.64253997802734
1545,37,1514,2,137.14617919921875,132.8640594482422,90.27066802978516,58.07551956176758
1546,37,1515,0,89.4767837524414,131.56690979003906,96.50037384033203,62.97346878051758
1547,37,1515,1,83.10960388183594,63.64067840576172,94.4201889038086,112.65452575683594
1548,37,1515,2,136.88148498535156,131.4817657470703,88.3843994140625,57.84349822998047
1549,37,1516,0,91.56311798095703,131.7021942138672,94.02579498291016,61.783451080322266
1550,37,1516,1,85.25973510742188,62.585208892822266,91.8415298461914,113.39330291748047
1551,37,1516,2,137.80625915527344,131.60086059570312,87.82268524169922,56.6092643737793
1552,37,1517,0,91.25277709960938,131.63319396972656,91.36857604980469,61.81577682495117
1553,37,1517,1,84.92475128173828,62.51678466796875,89.09473419189453,114.6373062133789
1554,37,1517,2,137.89627075195312,131.53274536132812,86.74313354492188,56.67814254760742
1555,37,1518,0,91.46192932128906,130.4355010986328,89.04757690429688,61.06544876098633
1556,37,1518,1,85.16011810302734,62.582496643066406,86.6327896118164,114.73475646972656
1557,37,1518,2,137.83795166015625,130.25146484375,86.80813598632812,55.91509246826172
1558,37,1519,0,93.00762939453125,129.82923889160156,87.73497009277344,61.42753601074219
1559,37,1519,1,86.78898620605469,62.25466537475586,85.28474426269531,115.51072692871094
1560,37,1519,2,138.0790252685547,129.5827178955078,86.10637664794922,56.31711196899414
1561,37,1520,0,95.28606414794922,129.0457305908203,86.43090057373047,59.96834182739258
1562,37,1520,1,89.13677978515625,61.00658416748047,83.92443084716797,115.79804229736328
1563,37,1520,2,139.20132446289062,128.7201690673828,85.92774963378906,54.7800407409668
1564,37,1521,0,96.8858871459961,128.32232666015625,85.89497375488281,60.4813346862793
1565,37,1521,1,90.83936309814453,60.899906158447266,83.33727264404297,115.61561584472656
1566,37,1521,2,139.21865844726562,127.9239273071289,86.13633728027344,55.33725357055664
1567,37,1522,0,97.2127685546875,129.54734802246094,85.55609130859375,59.579307556152344
1568,37,1522,1,91.12835693359375,60.15340805053711,82.98826599121094,115.70498657226562
1569,37,1522,2,139.9266815185547,129.2311248779297,86.08443450927734,54.38007736206055
1570,37,1523,0,97.80619049072266,128.5095672607422,85.5177993774414,60.32109069824219
1571,37,1523,1,91.68061065673828,58.88486862182617,82.96673583984375,116.05767822265625
1572,37,1523,2,141.1822509765625,128.12428283691406,85.71913146972656,55.16928482055664
1573,37,1524,0,98.72967529296875,127.03126525878906,85.21113586425781,59.5606689453125
1574,37,1524,1,92.64961242675781,58.519222259521484,82.67131042480469,116.44070434570312
1575,37,1524,2,141.5166778564453,126.53546905517578,85.36752319335938,54.36048126220703
1576,37,1525,0,100.34228515625,126.37806701660156,84.79927825927734,59.08430099487305
1577,37,1525,1,94.3323974609375,57.93177032470703,82.23553466796875,116.44063568115234
1578,37,1525,2,142.0153350830078,125.81751251220703,85.40257263183594,53.85913848876953
1579,37,1526,0,101.92589569091797,125.91410064697266,83.38004302978516,59.02477264404297
1580,37,1526,1,96.04402923583984,58.23239517211914,80.77902221679688,117.25011444091797
1581,37,1526,2,141.6197052001953,125.29520416259766,84.68156433105469,53.812992095947266
1582,37,1527,0,103.20543670654297,125.0391616821289,82.95742797851562,59.09557342529297
1583,37,1527,1,97.37369537353516,57.65013885498047,80.32784271240234,117.24568176269531
1584,37,1527,2,142.138427734375,124.34595489501953,84.7118911743164,53.89542770385742
1585,37,1528,0,103.9366683959961,123.77237701416016,83.74463653564453,58.89887619018555
1586,37,1528,1,98.14989471435547,57.48033905029297,81.17219543457031,117.30523681640625
1587,37,1528,2,142.28460693359375,122.98430633544922,84.60476684570312,53.67229461669922
1588,37,1529,0,104.26100158691406,123.55134582519531,82.68632507324219,58.492862701416016
1589,37,1529,1,98.47538757324219,57.16444396972656,80.06011962890625,117.49586486816406
1590,37,1529,2,142.58535766601562,122.74579620361328,84.48857116699219,53.255191802978516
1591,37,1530,0,104.51005554199219,123.89930725097656,82.5964584350586,58.34248352050781
1592,37,1530,1,98.7562484741211,57.422733306884766,79.9342041015625,117.04312896728516
1593,37,1530,2,142.3036651611328,123.11117553710938,84.95191955566406,53.09954071044922
1594,37,1531,0,105.0035629272461,123.6900405883789,82.7349624633789,58.7953987121582
1595,37,1531,1,99.245849609375,56.871665954589844,80.03980255126953,116.47615814208984
1596,37,1531,2,142.8297882080078,122.8843002319336,85.5045394897461,53.58439636230469
1597,37,1532,0,105.505859375,123.24981689453125,81.88520050048828,58.43828201293945
1598,37,1532,1,99.75772094726562,56.48599624633789,79.19029235839844,117.25768280029297
1599,37,1532,2,143.19314575195312,122.40966033935547,84.7802505493164,53.21171951293945
1600,37,1533,0,106.21649169921875,122.39822387695312,80.74606323242188,58.20574951171875
1601,37,1533,1,100.465576171875,55.68031692504883,78.03663635253906,118.11310577392578
1602,37,1533,2,143.97262573242188,121.4959945678711,83.99813842773438,52.97611999511719
1603,37,1534,0,106.89229583740234,121.2892837524414,79.0790786743164,58.983558654785156
1604,37,1534,1,101.1623764038086,55.22907257080078,76.26255798339844,118.22453308105469
1605,37,1534,2,144.40252685546875,120.30565643310547,83.97955322265625,53.832088470458984
1606,37,1535,0,107.45524597167969,120.37049865722656,78.90609741210938,59.1135139465332
1607,37,1535,1,101.71131134033203,54.39451599121094,76.01549530029297,117.325439453125
1608,37,1535,2,145.22169494628906,119.32283020019531,84.89176940917969,53.980018615722656
1609,37,1536,0,108.10447692871094,119.54581451416016,77.9049072265625,58.68600845336914
1610,37,1536,1,102.4396743774414,54.843345642089844,74.9775390625,117.70620727539062
1611,37,1536,2,144.7433624267578,118.42942810058594,84.58122253417969,53.53766632080078
1612,37,1537,0,108.9932861328125,119.072509765625,77.07381439208984,59.51496124267578
1613,37,1537,1,103.42108917236328,55.29281997680664,74.14678192138672,118.58504486083984
1614,37,1537,2,144.24281311035156,117.90707397460938,83.73674774169922,54.428897857666016
1615,37,1538,0,109.25879669189453,118.26072692871094,77.02471923828125,60.11417007446289
1616,37,1538,1,103.70436096191406,55.21701431274414,74.08366394042969,118.48611450195312
1617,37,1538,2,144.31634521484375,117.03743743896484,83.82852935791016,55.06941223144531
1618,37,1539,0,110.05672454833984,118.34894561767578,76.56806182861328,60.058746337890625
1619,37,1539,1,104.56507873535156,55.37416076660156,73.60681915283203,118.62358093261719
1620,37,1539,2,144.10565185546875,117.11774444580078,83.72074127197266,55.0167350769043
1621,37,1540,0,110.82943725585938,118.07461547851562,76.33634185791016,61.1822395324707
1622,37,1540,1,105.39249420166016,55.401954650878906,73.2951889038086,117.79177856445312
1623,37,1540,2,144.0330047607422,116.81263732910156,84.55134582519531,56.224708557128906
1624,37,1541,0,111.06426239013672,118.4793930053711,75.81739807128906,60.92317199707031
1625,37,1541,1,105.6571273803711,55.65028381347656,72.77256774902344,118.20912170410156
1626,37,1541,2,143.76121520996094,117.23895263671875,84.16998291015625,55.95381164550781
1627,37,1542,0,110.43470764160156,117.17853546142578,74.86117553710938,61.59660720825195
1628,37,1542,1,104.89908599853516,54.25470733642578,71.78205108642578,118.68872833251953
1629,37,1542,2,145.22769165039062,115.87156677246094,83.73753356933594,56.684104919433594
1630,37,1543,0,109.62340545654297,117.68537139892578,74.07654571533203,61.2797737121582
1631,37,1543,1,104.08216857910156,55.00200271606445,70.97420501708984,119.07005310058594
1632,37,1543,2,144.51959228515625,116.41967010498047,83.41051483154297,56.35622787475586
1633,37,1544,0,109.279296875,117.41022491455078,73.53858947753906,61.82495880126953
1634,37,1544,1,103.7247543334961,55.11164093017578,70.4257583618164,119.4837417602539
1635,37,1544,2,144.43634033203125,116.13082885742188,83.01966094970703,56.94337463378906
1636,37,1545,0,108.06636810302734,117.41419219970703,73.87952423095703,60.9754638671875
1637,37,1545,1,102.34233856201172,53.80710983276367,70.85762786865234,120.39816284179688
1638,37,1545,2,145.82577514648438,116.16410827636719,82.093994140625,56.02513885498047
1639,37,1546,0,106.09137725830078,116.8831558227539,73.34486389160156,60.339820861816406
1640,37,1546,1,100.27899932861328,54.364707946777344,70.35257720947266,121.2776107788086
1641,37,1546,2,145.4013214111328,115.6248779296875,81.25605773925781,55.34955596923828
1642,37,1547,0,103.87364959716797,117.56841278076172,73.12772369384766,59.4871711730957
1643,37,1547,1,97.82302856445312,53.090118408203125,70.0475845336914,120.12657165527344
1644,37,1547,2,146.81312561035156,116.40077209472656,82.44184875488281,54.4521484375
1645,37,1548,0,102.00066375732422,117.06398010253906,72.33305358886719,58.77742004394531
1646,37,1548,1,95.84510803222656,53.31072998046875,69.23948669433594,120.62178039550781
1647,37,1548,2,146.720458984375,115.89083099365234,82.00807189941406,53.70458221435547
1648,37,1549,0,99.96623229980469,118.65237426757812,71.87495422363281,58.40321731567383
1649,37,1549,1,93.61766052246094,52.6065788269043,68.8100814819336,121.44007110595703
1650,37,1549,2,147.5310821533203,117.623046875,81.22197723388672,53.30699920654297
1651,37,1550,0,99.6256103515625,120.26565551757812,72.78848266601562,58.360374450683594
1652,37,1550,1,93.2049560546875,52.03997802734375,69.81301879882812,121.86346435546875
1653,37,1550,2,148.09429931640625,119.35380554199219,80.73839569091797,53.24319839477539
1654,37,1551,0,100.499755859375,120.47480010986328,71.8336181640625,57.686275482177734
1655,37,1551,1,94.15679168701172,52.352474212646484,68.7393569946289,120.98409271240234
1656,37,1551,2,147.72044372558594,119.56072235107422,81.6955337524414,52.546302795410156
1657,37,1552,0,101.24103546142578,121.46784210205078,71.50012969970703,57.2595100402832
1658,37,1552,1,94.90013885498047,51.767330169677734,68.37907409667969,120.87226104736328
1659,37,1552,2,148.24380493164062,120.61274719238281,81.83695983886719,52.09739303588867
1660,37,1553,0,103.08660125732422,122.87273406982422,72.09141540527344,57.20490264892578
1661,37,1553,1,96.82632446289062,51.30618667602539,69.0405044555664,121.32200622558594
1662,37,1553,2,148.56446838378906,122.08570098876953,81.34786224365234,52.026123046875
1663,37,1554,0,104.74272918701172,123.03172302246094,72.06785583496094,57.087154388427734
1664,37,1554,1,98.63001251220703,51.88092803955078,69.09463500976562,122.46238708496094
1665,37,1554,2,147.87765502929688,122.22477722167969,80.20552062988281,51.89255905151367
1666,37,1555,0,105.68240356445312,123.6076431274414,72.64230346679688,57.85707092285156
1667,37,1555,1,99.56928253173828,51.028533935546875,69.72093963623047,122.74187469482422
1668,37,1555,2,148.66436767578125,122.8307113647461,79.87381744384766,52.70210266113281
1669,37,1556,0,106.74885559082031,123.07453155517578,72.40447998046875,58.035762786865234
1670,37,1556,1,100.75127410888672,51.6357536315918,69.4342041015625,122.27582550048828
1671,37,1556,2,147.994873046875,122.24052429199219,80.3541488647461,52.8998908996582
1672,37,1557,0,107.74454498291016,122.10802459716797,72.95152282714844,58.61369323730469
1673,37,1557,1,101.76387023925781,50.83119201660156,69.99889373779297,122.06596374511719
1674,37,1557,2,148.75698852539062,121.19966125488281,80.51936340332031,53.508731842041016
1675,37,1558,0,108.01485443115234,121.46349334716797,72.29833221435547,59.15876770019531
1676,37,1558,1,102.0906753540039,51.33164596557617,69.30463409423828,122.14561462402344
1677,37,1558,2,148.24789428710938,120.50403594970703,80.47154235839844,54.10005569458008
1678,37,1559,0,108.35517883300781,120.58493041992188,72.37176513671875,60.720481872558594
1679,37,1559,1,102.38981628417969,50.3183708190918,69.4364242553711,123.073974609375
1680,37,1559,2,149.26039123535156,119.56891632080078,79.50592041015625,55.75745391845703
1681,37,1560,0,107.5888671875,120.13143920898438,72.37618255615234,61.09892272949219
1682,37,1560,1,101.58406066894531,50.43535614013672,69.4678726196289,123.4994125366211
1683,37,1560,2,149.20001220703125,119.09642028808594,79.07125854492188,56.157772064208984
1684,37,1561,0,107.62049865722656,119.88508605957031,72.20557403564453,62.58645248413086
1685,37,1561,1,101.56773376464844,49.68177795410156,69.32109069824219,124.15179443359375
1686,37,1561,2,149.96011352539062,118.83875274658203,78.39997863769531,57.742027282714844
1687,37,1562,0,107.63818359375,119.93798828125,71.610107421875,64.14578247070312
1688,37,1562,1,101.61920928955078,50.16228485107422,68.72432708740234,124.8512191772461
1689,37,1562,2,149.47503662109375,118.89137268066406,77.70752716064453,59.409423828125
1690,37,1563,0,108.46119689941406,120.19171142578125,71.06724548339844,65.56855010986328
1691,37,1563,1,102.46305084228516,49.69929122924805,68.1374282836914,124.86616516113281
1692,37,1563,2,149.8834228515625,119.15251159667969,77.70191192626953,60.93532180786133
1693,37,1564,0,109.3575668334961,120.20303344726562,70.22412109375,66.72107696533203
1694,37,1564,1,103.42306518554688,49.766170501708984,67.20464324951172,124.478515625
1695,37,1564,2,149.75860595703125,119.1499252319336,78.12503051757812,62.18088150024414
1696,37,1565,0,110.23638153076172,121.13580322265625,70.33289337158203,68.96778106689453
1697,37,1565,1,104.38719177246094,50.255950927734375,67.30831909179688,124.51639556884766
1698,37,1565,2,149.1935272216797,120.12757110595703,78.03968048095703,64.5745620727539
1699,37,1566,0,111.23622131347656,121.7962646484375,70.38314819335938,70.2505111694336
1700,37,1566,1,105.39042663574219,49.408573150634766,67.42012786865234,125.48605346679688
1701,37,1566,2,149.96994018554688,120.82275390625,77.03904724121094,65.93437957763672
1702,37,1567,0,111.76573944091797,121.68622589111328,70.6537857055664,71.6989517211914
1703,37,1567,1,105.96585083007812,49.55768966674805,67.74411010742188,126.14205169677734
1704,37,1567,2,149.78810119628906,120.69590759277344,76.33643341064453,67.46959686279297
1705,37,1568,0,112.6969985961914,122.97355651855469,70.7029037475586,73.5721206665039
1706,37,1568,1,106.98416137695312,50.05727005004883,67.80220031738281,126.40528106689453
1707,37,1568,2,149.20358276367188,122.05097198486328,76.0351791381836,69.46419525146484
1708,37,1569,0,112.15069580078125,122.14302825927734,70.80998229980469,74.69380950927734
1709,37,1569,1,106.47503662109375,51.043067932128906,67.99047088623047,127.5903549194336
1710,37,1569,2,148.26211547851562,121.16622161865234,74.81729888916016,70.64967346191406
1711,37,1570,0,112.8752670288086,123.07191467285156,70.73912811279297,75.05154418945312
1712,37,1570,1,107.23978424072266,51.02287673950195,67.8861312866211,127.20594787597656
1713,37,1570,2,148.21975708007812,122.14600372314453,75.20165252685547,71.03507995605469
1714,37,1571,0,113.35753631591797,123.45317840576172,71.00080108642578,75.58258056640625
1715,37,1571,1,107.69186401367188,50.15608596801758,68.17138671875,127.35018157958984
1716,37,1571,2,149.05381774902344,122.55171203613281,75.0302734375,71.595947265625
1717,37,1572,0,113.3912353515625,123.39595031738281,71.37329864501953,77.15764617919922
1718,37,1572,1,107.77469635009766,50.834327697753906,68.59332275390625,127.86439514160156
1719,37,1572,2,148.37078857421875,122.48509216308594,74.46134948730469,73.26553344726562
1720,37,1573,0,113.51498413085938,123.78237915039062,71.97938537597656,77.04500579833984
1721,37,1573,1,107.84225463867188,49.93375778198242,69.26335144042969,128.20529174804688
1722,37,1573,2,149.26170349121094,122.90222930908203,74.08168029785156,73.13300323486328
1723,37,1574,0,114.76598358154297,123.67657470703125,72.27082061767578,77.52715301513672
1724,37,1574,1,109.17261505126953,49.877471923828125,69.54338836669922,127.80821228027344
1725,37,1574,2,149.239990234375,122.77001953125,74.4532470703125,73.64530181884766
1726,37,1575,0,115.10009765625,122.65145111083984,73.0025634765625,77.62638092041016
1727,37,1575,1,109.5390396118164,49.92657470703125,70.3856430053711,128.72628784179688
1728,37,1575,2,149.18722534179688,121.6706771850586,73.48171997070312,73.73235321044922
1729,37,1576,0,116.09149169921875,121.9350814819336,73.56524658203125,77.87129211425781
1730,37,1576,1,110.56396484375,49.391441345214844,70.9980239868164,128.93582153320312
1731,37,1576,2,149.67434692382812,120.89470672607422,73.23048400878906,73.98277282714844
1732,37,1577,0,117.47161102294922,121.0674819946289,74.79219818115234,78.08666229248047
1733,37,1577,1,112.02754211425781,49.19521713256836,72.3619384765625,129.77757263183594
1734,37,1577,2,149.79840087890625,119.94868469238281,72.30166625976562,74.18619537353516
1735,37,1578,0,117.57502746582031,120.47964477539062,75.48273468017578,78.31912231445312
1736,37,1578,1,112.20396423339844,50.102745056152344,73.11859130859375,130.10276794433594
1737,37,1578,2,148.88958740234375,119.3131103515625,71.92618560791016,74.42041015625
1738,37,1579,0,117.54721069335938,120.86495971679688,76.09516143798828,76.727294921875
1739,37,1579,1,112.1404800415039,49.646949768066406,73.84197235107422,130.97903442382812
1740,37,1579,2,149.34298706054688,119.72811126708984,71.03457641601562,72.70650482177734
1741,37,1580,0,117.68684387207031,120.51444244384766,76.85601043701172,76.63446044921875
1742,37,1580,1,112.36491394042969,50.714881896972656,74.70838928222656,131.7794647216797
1743,37,1580,2,148.26638793945312,119.3439712524414,70.18280792236328,72.58917999267578
1744,37,1581,0,117.8373794555664,118.91143798828125,76.58010864257812,75.73466491699219
1745,37,1581,1,112.53376770019531,50.67934799194336,74.47689056396484,132.60142517089844
1746,37,1581,2,148.3206024169922,117.63152313232422,69.39067077636719,71.62802124023438
1747,37,1582,0,118.58040618896484,118.55684661865234,76.49797821044922,74.8465347290039
1748,37,1582,1,113.32363891601562,50.61237716674805,74.42416381835938,133.02191162109375
1749,37,1582,2,148.34652709960938,117.24193572998047,68.9892578125,70.67915344238281
1750,37,1583,0,118.04998016357422,118.46253967285156,74.66232299804688,73.85877990722656
1751,37,1583,1,112.7933349609375,51.115325927734375,72.51864624023438,133.6614532470703
1752,37,1583,2,147.87652587890625,117.14599609375,68.4825210571289,69.65092468261719
1753,37,1584,0,118.18492889404297,117.85429382324219,74.55059814453125,73.31352233886719
1754,37,1584,1,112.90577697753906,50.59701919555664,72.3407974243164,132.7547149658203
1755,37,1584,2,148.39974975585938,116.49876403808594,69.41060638427734,69.07804107666016
1756,37,1585,0,118.383544921875,117.49179077148438,72.12659454345703,72.37018585205078
1757,37,1585,1,113.13947296142578,50.8817253112793,69.69654846191406,131.77398681640625
1758,37,1585,2,148.10711669921875,116.10673522949219,70.56914520263672,68.11882019042969
1759,37,1586,0,117.68168640136719,117.30813598632812,71.88182830810547,71.85509490966797
1760,37,1586,1,112.3950424194336,50.91789245605469,69.35311889648438,130.5244598388672
1761,37,1586,2,148.11903381347656,115.92164611816406,71.84970092773438,67.58280181884766
1762,37,1587,0,117.56983184814453,116.30986785888672,71.06798553466797,72.25475311279297
1763,37,1587,1,112.1774673461914,49.38481521606445,68.40727996826172,129.4207305908203
1764,37,1587,2,149.685302734375,114.86971282958984,73.00405883789062,68.0303726196289
1765,37,1588,0,116.83998107910156,116.76351928710938,71.18148040771484,73.04944610595703
1766,37,1588,1,111.36323547363281,48.90110397338867,68.45738983154297,128.4677734375
1767,37,1588,2,150.2105712890625,115.36894226074219,73.94013977050781,68.88298034667969
1768,37,1589,0,116.08927917480469,117.81900787353516,71.0577621459961,72.33824920654297
1769,37,1589,1,110.59965515136719,49.539398193359375,68.30955505371094,128.16746520996094
1770,37,1589,2,149.59841918945312,116.50228881835938,74.2625732421875,68.12882995605469
1771,37,1590,0,117.01974487304688,118.13851928710938,70.80055236816406,73.6278305053711
1772,37,1590,1,111.5617904663086,49.13699722290039,67.95643615722656,127.14273071289062
1773,37,1590,2,149.93777465820312,116.83146667480469,75.28583526611328,69.5157241821289
1774,37,1591,0,116.7034912109375,118.41248321533203,70.13777923583984,73.67989349365234
1775,37,1591,1,111.19129943847656,48.67695236206055,67.2695083618164,127.42855834960938
1776,37,1591,2,150.41586303710938,117.13223266601562,75.04035949707031,69.57987213134766
1777,37,1592,0,116.50289154052734,117.93626403808594,70.04936218261719,74.30793762207031
1778,37,1592,1,111.0032958984375,49.006553649902344,67.19535064697266,127.78022003173828
1779,37,1592,2,150.1056671142578,116.62483978271484,74.68144989013672,70.24837493896484
1780,37,1593,0,117.38907623291016,117.76880645751953,70.43536376953125,75.2059097290039
1781,37,1593,1,111.9903564453125,49.60814666748047,67.57939147949219,127.46994018554688
1782,37,1593,2,149.44686889648438,116.42764282226562,74.95233154296875,71.2019271850586
1783,37,1594,0,116.81624603271484,117.70841979980469,70.85468292236328,75.79222869873047
1784,37,1594,1,111.4753646850586,50.996856689453125,68.02889251708984,127.5652847290039
1785,37,1594,2,148.08831787109375,116.3619384765625,74.81903076171875,71.81958770751953
1786,37,1595,0,115.86054229736328,117.42708587646484,70.36040496826172,75.90846252441406
1787,37,1595,1,110.48486328125,51.38105010986328,67.48220825195312,127.28640747070312
1788,37,1595,2,147.76828002929688,116.07404327392578,75.12901306152344,71.95361328125
1789,37,1596,0,115.77953338623047,116.48453521728516,71.11477661132812,75.92072296142578
1790,37,1596,1,110.4413070678711,51.912193298339844,68.27354431152344,127.10597229003906
1791,37,1596,2,147.25599670410156,115.06570434570312,75.26148986816406,71.95575714111328
1792,37,1597,0,115.86544036865234,116.236083984375,71.18395233154297,76.81413269042969
1793,37,1597,1,110.548583984375,52.11632537841797,68.40451049804688,128.0238800048828
1794,37,1597,2,147.0496368408203,114.79773712158203,74.31864166259766,72.90043640136719
1795,37,1598,0,115.99934387207031,115.7523193359375,71.6546630859375,77.27835083007812
1796,37,1598,1,110.68589782714844,51.989009857177734,68.85787963867188,127.36820220947266
1797,37,1598,2,147.17762756347656,114.2803955078125,74.9388656616211,73.39266204833984
1798,37,1599,0,115.96797180175781,115.65035247802734,71.19845581054688,77.44230651855469
1799,37,1599,1,110.6781005859375,52.352516174316406,68.42556762695312,128.16664123535156
1800,37,1599,2,146.8159942626953,114.16939544677734,74.16292572021484,73.56890869140625
1801,37,1600,0,116.28960418701172,114.54398345947266,72.05780792236328,77.44145965576172
1802,37,1600,1,111.02948760986328,52.367374420166016,69.24390411376953,126.75218963623047
1803,37,1600,2,146.7999267578125,112.98369598388672,75.5289077758789,73.56455993652344
1804,37,1601,0,115.18749237060547,114.31178283691406,71.35868072509766,77.7131118774414
1805,37,1601,1,109.86152648925781,52.444210052490234,68.52681732177734,127.18440246582031
1806,37,1601,2,146.79754638671875,112.75285339355469,75.13465881347656,73.86231231689453
1807,37,1602,0,114.0790786743164,113.34183502197266,71.74923706054688,77.85848999023438
1808,37,1602,1,108.68463897705078,52.41652297973633,68.97029876708984,127.59584045410156
1809,37,1602,2,146.9136199951172,111.7357406616211,74.69337463378906,74.00788879394531
1810,37,1603,0,114.56961059570312,112.87918853759766,71.74248504638672,78.09893035888672
1811,37,1603,1,109.26271057128906,53.174888610839844,68.96629333496094,127.6659927368164
1812,37,1603,2,146.1278533935547,111.22869873046875,74.61893463134766,74.26380920410156
1813,37,1604,0,115.07225799560547,112.63639831542969,72.58702087402344,77.81629180908203
1814,37,1604,1,109.80545806884766,53.251365661621094,69.87798309326172,127.81053161621094
1815,37,1604,2,146.02308654785156,110.96110534667969,74.42424011230469,73.94760131835938
1816,37,1605,0,115.11103820800781,111.89228820800781,72.42041015625,77.99362182617188
1817,37,1605,1,109.91410064697266,54.15907287597656,69.67977142333984,127.52792358398438
1818,37,1605,2,145.12109375,110.15979766845703,74.7156982421875,74.1414566040039
1819,37,1606,0,114.00900268554688,110.40621948242188,74.15438079833984,78.74627685546875
1820,37,1606,1,108.73416137695312,53.936893463134766,71.50619506835938,127.29110717773438
1821,37,1606,2,145.44140625,108.59333038330078,74.8284683227539,74.91764831542969
1822,37,1607,0,112.84855651855469,107.67626190185547,75.00392150878906,79.36618041992188
1823,37,1607,1,107.55563354492188,54.52106857299805,72.4044418334961,127.24923706054688
1824,37,1607,2,144.9765625,105.69461822509766,74.80464935302734,75.56517791748047
1825,37,1608,0,111.66024017333984,103.54720306396484,74.7264633178711,78.37084197998047
1826,37,1608,1,106.34485626220703,54.93101501464844,72.142822265625,127.64946746826172
1827,37,1608,2,144.71328735351562,101.30477905273438,74.4379653930664,74.50524139404297
1828,37,1609,0,108.29145812988281,100.47565460205078,75.11582946777344,77.8064193725586
1829,37,1609,1,102.74811553955078,54.54880905151367,72.60820007324219,128.32957458496094
1830,37,1609,2,145.36778259277344,98.08390808105469,73.73938751220703,73.89192199707031
1831,37,1610,0,101.88176727294922,96.407958984375,75.74864959716797,77.82023620605469
1832,37,1610,1,95.91533660888672,54.154178619384766,73.29110717773438,128.4561767578125
1833,37,1610,2,146.24729919433594,93.84893798828125,73.57103729248047,73.8953857421875
1834,37,1611,0,96.38541412353516,94.6776123046875,76.76876831054688,77.96186828613281
1835,37,1611,1,90.14018249511719,55.21195983886719,74.38137817382812,128.5172576904297
1836,37,1611,2,145.5668182373047,92.08296203613281,73.44129180908203,74.02937316894531
1837,37,1612,0,94.08779907226562,93.75959014892578,76.74385070800781,77.12517547607422
1838,37,1612,1,87.65225219726562,54.56118392944336,74.34999084472656,128.36732482910156
1839,37,1612,2,146.38465881347656,91.14496612548828,73.6083755493164,73.13858795166016
1840,37,1613,0,92.67898559570312,93.52421569824219,77.21107482910156,76.84619903564453
1841,37,1613,1,86.13176727294922,54.26704406738281,74.87857055664062,128.7875518798828
1842,37,1613,2,146.77493286132812,90.91851043701172,73.16082000732422,72.830322265625
1843,37,1614,0,91.26881408691406,93.0312271118164,78.11935424804688,76.81336975097656
1844,37,1614,1,84.59790802001953,53.77458190917969,75.88613891601562,129.3621063232422
1845,37,1614,2,147.3692169189453,90.41864776611328,72.52535247802734,72.7762451171875
1846,37,1615,0,90.89974212646484,93.2499008178711,78.69505310058594,76.77668762207031
1847,37,1615,1,84.22840118408203,54.14432144165039,76.48639678955078,129.1670379638672
1848,37,1615,2,147.0174102783203,90.65514373779297,72.68482208251953,72.72917175292969
1849,37,1616,0,89.61334228515625,91.58914184570312,79.2153091430664,76.66328430175781
1850,37,1616,1,82.83313751220703,53.63569641113281,77.09468841552734,129.94049072265625
1851,37,1616,2,147.64053344726562,88.90742492675781,71.87588500976562,72.5939712524414
1852,37,1617,0,89.30327606201172,92.66749572753906,79.80642700195312,76.26875305175781
1853,37,1617,1,82.52320098876953,54.04027557373047,77.72067260742188,129.84605407714844
1854,37,1617,2,147.23480224609375,90.05998229980469,71.93959045410156,72.16429138183594
1855,37,1618,0,87.86177062988281,91.07183074951172,80.27080535888672,76.2530288696289
1856,37,1618,1,81.0150375366211,54.301841735839844,78.24761199951172,130.3118896484375
1857,37,1618,2,147.09239196777344,88.3786392211914,71.44166564941406,72.13646697998047
1858,37,1619,0,88.16844177246094,90.87321472167969,83.0587387084961,78.4515380859375
1859,37,1619,1,81.36482238769531,54.615543365478516,81.21217346191406,130.43185424804688
1860,37,1619,2,146.7609405517578,88.15943908691406,71.1021499633789,74.43494415283203
1861,37,1620,0,87.40430450439453,90.32524108886719,85.08757019042969,79.75048828125
1862,37,1620,1,80.61125183105469,55.45126724243164,83.3956527709961,130.87054443359375
1863,37,1620,2,145.97946166992188,87.5809097290039,70.50728607177734,75.78407287597656
1864,37,1621,0,87.38836669921875,90.26348876953125,85.2305908203125,81.4188461303711
1865,37,1621,1,80.65072631835938,56.267242431640625,83.50901794433594,130.4644012451172
1866,37,1621,2,145.16131591796875,87.50929260253906,70.87635803222656,77.56393432617188
1867,37,1622,0,87.1734619140625,88.49317169189453,86.04080963134766,80.7289047241211
1868,37,1622,1,80.51121520996094,57.39990234375,84.38719177246094,130.61294555664062
1869,37,1622,2,144.06761169433594,85.61560821533203,70.6870346069336,76.81391906738281
1870,37,1623,0,86.61405181884766,88.50302124023438,85.69029235839844,80.58006286621094
1871,37,1623,1,79.9719467163086,58.23197555541992,84.03658294677734,130.93258666992188
1872,37,1623,2,143.266845703125,85.62903594970703,70.3908920288086,76.65840911865234
1873,37,1624,0,86.16567993164062,88.17142486572266,85.6380615234375,79.77816009521484
1874,37,1624,1,79.55292510986328,59.058101654052734,83.96641540527344,130.64443969726562
1875,37,1624,2,142.47096252441406,85.27639770507812,70.69801330566406,75.80615997314453
1876,37,1625,0,85.528076171875,87.81462097167969,85.6471939086914,79.33898162841797
1877,37,1625,1,78.97756958007812,60.5423469543457,84.01446533203125,131.15994262695312
1878,37,1625,2,141.02603149414062,84.89515686035156,70.18702697753906,75.33374786376953
1879,37,1626,0,85.86808776855469,87.17643737792969,85.5270767211914,78.3768081665039
1880,37,1626,1,79.45042419433594,62.08709716796875,83.89996337890625,131.26358032226562
1881,37,1626,2,139.46255493164062,84.19755554199219,70.10762023925781,74.30876159667969
1882,37,1627,0,85.51386260986328,85.78573608398438,86.10215759277344,78.31729125976562
1883,37,1627,1,79.11844635009766,62.61724090576172,84.5596923828125,131.9404754638672
1884,37,1627,2,138.97683715820312,82.71556091308594,69.3912353515625,74.23090362548828
1885,37,1628,0,86.58928680419922,86.56344604492188,85.54656219482422,77.55708312988281
1886,37,1628,1,80.31101989746094,63.364017486572266,83.99080657958984,132.20486450195312
1887,37,1628,2,138.1435089111328,83.5225601196289,69.17473602294922,73.42713165283203
1888,37,1629,0,85.50593566894531,85.09778594970703,85.73100280761719,76.914794921875
1889,37,1629,1,79.24279022216797,64.48373413085938,84.16177368164062,131.77078247070312
1890,37,1629,2,137.11314392089844,81.96805572509766,69.61042785644531,72.74235534667969
1891,37,1630,0,86.11801147460938,84.82353973388672,86.22166442871094,77.09754943847656
1892,37,1630,1,79.94359588623047,65.16071319580078,84.67200469970703,131.6046905517578
1893,37,1630,2,136.398193359375,81.66063690185547,69.74236297607422,72.93052673339844
1894,37,1631,0,85.82322692871094,84.48815155029297,86.07455444335938,77.47981262207031
1895,37,1631,1,79.71546173095703,66.38172912597656,84.52323913574219,131.75860595703125
1896,37,1631,2,135.19554138183594,81.29866027832031,69.59021759033203,73.33939361572266
1897,37,1632,0,85.20747375488281,84.05142974853516,86.7894058227539,76.37252044677734
1898,37,1632,1,79.17390441894531,68.01121520996094,85.3486328125,132.57691955566406
1899,37,1632,2,133.6046142578125,80.83079528808594,68.74138641357422,72.14083099365234
1900,37,1633,0,85.99932861328125,83.5064926147461,91.84712982177734,74.7730484008789
1901,37,1633,1,80.02025604248047,67.99114227294922,90.7412338256836,132.45997619628906
1902,37,1633,2,133.58364868164062,80.23672485351562,68.56159973144531,70.35414123535156
1903,37,1634,0,83.88416290283203,82.83056640625,97.18824768066406,71.83824920654297
1904,37,1634,1,77.8424301147461,69.04698944091797,96.43013000488281,132.1266632080078
1905,37,1634,2,132.6697540283203,79.54194641113281,68.60482788085938,67.14025115966797
1906,37,1635,0,80.83718872070312,83.16107940673828,100.165283203125,70.80856323242188
1907,37,1635,1,74.54827117919922,68.4105453491211,99.62690734863281,132.3757781982422
1908,37,1635,2,133.49905395507812,79.94818878173828,68.18097686767578,65.9920654296875
1909,37,1636,0,79.70551300048828,83.33494567871094,102.14144897460938,70.8836898803711
1910,37,1636,1,73.40436553955078,69.33672332763672,101.72630310058594,132.28526306152344
1911,37,1636,2,132.63746643066406,80.14517211914062,68.14323425292969,66.04093170166016
1912,37,1637,0,78.68278503417969,82.9945297241211,103.63016510009766,70.01648712158203
1913,37,1637,1,72.33116149902344,69.55252838134766,103.36067962646484,132.89599609375
1914,37,1637,2,132.49208068847656,79.796875,67.44889831542969,65.08740997314453
1915,37,1638,0,77.0874252319336,83.75315856933594,105.85563659667969,70.07797241210938
1916,37,1638,1,70.63396453857422,69.6768569946289,105.74231719970703,133.0447998046875
1917,37,1638,2,132.4559783935547,80.63099670410156,67.1548080444336,65.115966796875
1918,37,1639,0,77.24352264404297,84.21514892578125,108.658203125,70.24020385742188
1919,37,1639,1,70.82763671875,70.11852264404297,108.74040985107422,133.223876953125
1920,37,1639,2,131.9938201904297,81.11813354492188,66.79133605957031,65.24246978759766
1921,37,1640,0,75.83431243896484,84.190673828125,111.53937530517578,70.52076721191406
1922,37,1640,1,69.40721130371094,71.3060073852539,111.79721069335938,133.04872131347656
1923,37,1640,2,130.89083862304688,81.10609436035156,66.77670288085938,65.49658966064453
1924,37,1641,0,75.706787109375,84.13607788085938,113.65103912353516,69.49774932861328
1925,37,1641,1,69.2336196899414,70.75447082519531,114.03668212890625,132.78517150878906
1926,37,1641,2,131.4543914794922,81.0538558959961,66.92374420166016,64.373291015625
1927,37,1642,0,74.89368438720703,84.11334991455078,115.70978546142578,70.05719757080078
1928,37,1642,1,68.39070129394531,71.09965515136719,116.21231079101562,132.56935119628906
1929,37,1642,2,131.15988159179688,81.04019165039062,66.9980239868164,64.9384765625
1930,37,1643,0,74.05433654785156,84.4502182006836,117.26868438720703,69.38314056396484
1931,37,1643,1,67.51351165771484,71.3879165649414,117.94620513916016,133.55873107910156
1932,37,1643,2,130.91793823242188,81.41099548339844,65.91511535644531,64.18705749511719
1933,37,1644,0,73.55182647705078,84.9591293334961,118.66136932373047,69.90394592285156
1934,37,1644,1,66.95823669433594,71.1524429321289,119.43566131591797,133.6848602294922
1935,37,1644,2,131.1778564453125,81.96370697021484,65.68927764892578,64.7192611694336
1936,37,1645,0,73.7291030883789,84.84101104736328,119.1454086303711,69.71646118164062
1937,37,1645,1,67.20862579345703,72.03459167480469,119.97008514404297,133.93630981445312
1938,37,1645,2,130.28176879882812,81.82842254638672,65.40866088867188,64.5096206665039
1939,37,1646,0,72.20051574707031,85.6775894165039,120.97704315185547,70.44835662841797
1940,37,1646,1,65.55728149414062,71.7970962524414,121.89710998535156,133.64190673828125
1941,37,1646,2,130.60369873046875,82.74724578857422,65.57349395751953,65.2630615234375
1942,37,1647,0,71.90860748291016,85.92325592041016,121.44544219970703,69.87281799316406
1943,37,1647,1,65.22993469238281,71.58646392822266,122.45074462890625,134.37826538085938
1944,37,1647,2,130.8297882080078,83.01553344726562,64.81340789794922,64.63614654541016
1945,37,1648,0,71.29890441894531,86.01164245605469,122.1601791381836,70.86739349365234
1946,37,1648,1,64.55123901367188,71.17801666259766,123.20498657226562,134.36705017089844
1947,37,1648,2,131.27784729003906,83.12258911132812,64.76089477539062,65.68567657470703
1948,37,1649,0,70.92613983154297,85.72215270996094,122.00080871582031,70.28848266601562
1949,37,1649,1,64.27140045166016,72.8587875366211,123.03828430175781,134.35488891601562
1950,37,1649,2,129.61721801757812,82.80756378173828,64.7936782836914,65.07080078125
1951,37,1650,0,70.97286987304688,85.2783203125,122.29632568359375,71.99273681640625
1952,37,1650,1,64.24346160888672,71.68810272216797,123.35413360595703,134.53707885742188
1953,37,1650,2,130.79881286621094,82.34178924560547,64.5611343383789,66.88267517089844
1954,37,1651,0,69.48953247070312,85.13044738769531,123.39749145507812,72.50672149658203
1955,37,1651,1,62.620582580566406,71.0699234008789,124.45880126953125,133.5812530517578
1956,37,1651,2,131.517822265625,82.21240997314453,65.4417953491211,67.42034912109375
1957,37,1652,0,69.54292297363281,83.67772674560547,123.49715423583984,72.33232879638672
1958,37,1652,1,62.61049270629883,69.95985412597656,124.60199737548828,134.10302734375
1959,37,1652,2,132.6558074951172,80.66976928710938,64.91399383544922,67.22887420654297
1960,37,1653,0,69.6934585571289,83.42823028564453,124.90364074707031,74.17057037353516
1961,37,1653,1,62.701377868652344,68.92664337158203,126.00939178466797,132.9479522705078
1962,37,1653,2,133.6891326904297,80.40861511230469,65.95170593261719,69.17577362060547
1963,37,1654,0,68.79000091552734,81.67609405517578,124.83006286621094,74.40115356445312
1964,37,1654,1,61.74535369873047,68.86399841308594,125.931640625,132.9800567626953
1965,37,1654,2,133.84075927734375,78.55438995361328,65.92008209228516,69.42269134521484
1966,37,1655,0,68.48391723632812,80.59530639648438,125.68120574951172,75.6186294555664
1967,37,1655,1,61.339813232421875,67.6117172241211,126.84554290771484,133.1993408203125
1968,37,1655,2,135.13816833496094,77.41529846191406,65.62317657470703,70.70614624023438
1969,37,1656,0,68.5681381225586,79.38077545166016,126.71165466308594,77.03430938720703
1970,37,1656,1,61.37100601196289,66.6470947265625,127.96096801757812,133.59024047851562
1971,37,1656,2,136.123779296875,76.12509155273438,65.13866424560547,72.19686889648438
1972,37,1657,0,67.33151245117188,77.9500503540039,127.62456512451172,77.53485870361328
1973,37,1657,1,59.94368362426758,64.92987060546875,128.9254913330078,133.5158233642578
1974,37,1657,2,137.95428466796875,74.6309585571289,65.14578247070312,72.71675872802734
1975,37,1658,0,68.06916809082031,76.58031463623047,127.9591064453125,77.8636703491211
1976,37,1658,1,60.60699462890625,63.014896392822266,129.29664611816406,133.7609405517578
1977,37,1658,2,139.85609436035156,73.17131042480469,64.87203216552734,73.06034088134766
1978,37,1659,0,69.5108413696289,76.165771484375,128.404541015625,79.04086303710938
1979,37,1659,1,61.97788619995117,60.566688537597656,129.70489501953125,132.90676879882812
1980,37,1659,2,142.2321014404297,72.72309112548828,65.68106079101562,74.31533813476562
1981,37,1660,0,67.4110107421875,75.923583984375,128.76913452148438,79.53250885009766
1982,37,1660,1,59.762542724609375,60.88396453857422,130.1842041015625,134.2788543701172
1983,37,1660,2,142.05172729492188,72.49640655517578,64.2696533203125,74.82373046875
1984,37,1661,0,68.94141387939453,75.59197235107422,129.5406951904297,81.06871032714844
1985,37,1661,1,61.32742691040039,59.88703155517578,130.9118194580078,133.04830932617188
1986,37,1661,2,142.96170043945312,72.12486267089844,65.42964172363281,76.45928192138672
1987,37,1662,0,69.37145233154297,75.6480484008789,130.31690979003906,81.65188598632812
1988,37,1662,1,61.72480392456055,59.00809097290039,131.76409912109375,133.47012329101562
1989,37,1662,2,143.81666564941406,72.18391418457031,64.94532012939453,77.0658187866211
1990,37,1663,0,70.56301879882812,75.46395874023438,131.21145629882812,81.73056030273438
1991,37,1663,1,62.9025993347168,57.649593353271484,132.74041748046875,133.81117248535156
1992,37,1663,2,145.10923767089844,71.977783203125,64.54353332519531,77.13289642333984
1993,37,1664,0,70.81687927246094,75.29763793945312,131.9674530029297,83.8621597290039
1994,37,1664,1,63.1501579284668,57.301231384277344,133.45887756347656,132.74813842773438
1995,37,1664,2,145.44602966308594,71.79861450195312,65.52558898925781,79.40260314941406
1996,37,1665,0,71.90882873535156,74.97089385986328,132.8407745361328,85.28636169433594
1997,37,1665,1,64.26275634765625,56.524322509765625,134.43209838867188,133.50811767578125
1998,37,1665,2,146.162841796875,71.43771362304688,64.68014526367188,80.90221405029297
1999,37,1666,0,72.55107879638672,75.00241088867188,133.89447021484375,86.49372863769531
2000,37,1666,1,64.85381317138672,55.17011260986328,135.49217224121094,132.70790100097656
2001,37,1666,2,147.48248291015625,71.47044372558594,65.39531707763672,82.1793212890625
2002,37,1667,0,74.09483337402344,75.17086029052734,133.38665771484375,88.37722778320312
2003,37,1667,1,66.34849548339844,52.99327087402344,134.91226196289062,132.32936096191406
2004,37,1667,2,149.569091796875,71.64046478271484,65.77518463134766,84.19944763183594
2005,37,1668,0,75.33732604980469,74.37242126464844,133.6964569091797,90.0013427734375
2006,37,1668,1,67.64862823486328,52.563079833984375,135.2346954345703,132.37623596191406
2007,37,1668,2,149.93605041503906,70.77127075195312,65.67935180664062,85.9266357421875
2008,37,1669,0,76.96863555908203,76.04264068603516,134.54774475097656,92.09093475341797
2009,37,1669,1,69.36727905273438,52.4261360168457,136.14356994628906,132.6056671142578
2010,37,1669,2,149.93995666503906,72.52793884277344,65.35686492919922,88.1403579711914
2011,37,1670,0,77.67784118652344,74.98632049560547,135.2426300048828,93.20661163330078
2012,37,1670,1,70.005615234375,50.61726379394531,136.83544921875,132.00352478027344
2013,37,1670,2,151.7316131591797,71.40189361572266,65.8977279663086,89.32394409179688
2014,37,1671,0,78.56131744384766,76.50944519042969,135.57955932617188,95.43916320800781
2015,37,1671,1,70.9328384399414,50.55181884765625,137.19247436523438,132.19369506835938
2016,37,1671,2,151.71408081054688,73.01322174072266,65.64533233642578,91.69864654541016
2017,37,1672,0,79.23365020751953,76.83097076416016,135.4091339111328,98.59650421142578
2018,37,1672,1,71.61277770996094,50.04977798461914,136.98585510253906,132.14068603515625
2019,37,1672,2,152.1700897216797,73.34882354736328,65.65369415283203,95.0697250366211
2020,37,1673,0,81.12030792236328,76.31340026855469,136.61793518066406,100.69703674316406
2021,37,1673,1,73.58476257324219,49.42815399169922,138.2777862548828,132.40097045898438
2022,37,1673,2,152.6834259033203,72.77021026611328,65.27704620361328,97.28919219970703
2023,37,1674,0,81.4900131225586,76.58163452148438,135.48751831054688,101.7762222290039
2024,37,1674,1,73.99357604980469,49.669315338134766,137.09703063964844,132.85572814941406
2025,37,1674,2,152.4125518798828,73.04856872558594,64.8736343383789,98.45489501953125
2026,37,1675,0,83.45779418945312,77.11538696289062,135.68142700195312,104.47467803955078
2027,37,1675,1,76.05216217041016,49.14939880371094,137.29689025878906,133.02197265625
2028,37,1675,2,152.80001831054688,73.58979797363281,64.64629364013672,101.3289566040039
2029,37,1676,0,85.43743133544922,77.27860260009766,135.36477661132812,107.44143676757812
2030,37,1676,1,78.16796112060547,49.241294860839844,137.03167724609375,134.3687286376953
2031,37,1676,2,152.578125,73.73109436035156,63.26031494140625,104.48831939697266
2032,37,1677,0,87.38130950927734,77.92655181884766,135.3818817138672,109.71875762939453
2033,37,1677,1,80.20198822021484,48.74501037597656,137.0738983154297,134.94198608398438
2034,37,1677,2,152.94139099121094,74.39437103271484,62.64268493652344,106.912841796875
2035,37,1678,0,89.3448257446289,77.85324096679688,135.06256103515625,111.81472778320312
2036,37,1678,1,82.36996459960938,49.82185363769531,136.68991088867188,134.50875854492188
2037,37,1678,2,151.73440551757812,74.27659606933594,63.06177520751953,109.15692138671875
2038,37,1679,0,91.15611267089844,78.22462463378906,134.95945739746094,112.938232421875
2039,37,1679,1,84.31739807128906,50.094879150390625,136.6510009765625,135.65281677246094
2040,37,1679,2,151.33753967285156,74.6414794921875,61.89848709106445,110.34825897216797
2041,37,1680,0,93.39263916015625,77.47162628173828,133.9661407470703,115.06216430664062
2042,37,1680,1,86.65910339355469,49.399253845214844,135.6692352294922,136.98081970214844
2043,37,1680,2,151.90711975097656,73.80636596679688,60.589881896972656,112.61932373046875
2044,37,1681,0,94.80731201171875,76.83607482910156,132.8416748046875,116.07291412353516
2045,37,1681,1,88.19387817382812,49.72329330444336,134.61341857910156,139.15682983398438
2046,37,1681,2,151.50198364257812,73.10269927978516,58.456947326660156,113.6985855102539
2047,37,1682,0,95.46586608886719,76.1440658569336,134.30718994140625,115.74270629882812
2048,37,1682,1,88.80226135253906,48.294124603271484,136.16665649414062,138.99734497070312
2049,37,1682,2,152.9089813232422,72.36323547363281,58.52884292602539,113.32455444335938
2050,37,1683,0,96.11701965332031,75.63053894042969,133.8532257080078,116.21866607666016
2051,37,1683,1,89.50321197509766,48.34263229370117,135.73504638671875,139.8025665283203
2052,37,1683,2,152.82762145996094,71.80400085449219,57.74025344848633,113.83335876464844
2053,37,1684,0,97.40956115722656,75.07930755615234,132.94935607910156,116.47000885009766
2054,37,1684,1,90.90039825439453,48.5666618347168,134.89990234375,141.6931610107422
2055,37,1684,2,152.5294189453125,71.19292449951172,55.89347457885742,114.10137176513672
2056,37,1685,0,97.84449768066406,75.22932434082031,132.0796356201172,117.0455322265625
2057,37,1685,1,91.43817901611328,49.659053802490234,133.9999237060547,142.13848876953125
2058,37,1685,2,151.40065002441406,71.33806610107422,55.491695404052734,114.7257080078125
2059,37,1686,0,98.86080169677734,75.78046417236328,131.2666778564453,116.4837875366211
2060,37,1686,1,92.54840087890625,50.09968185424805,133.27084350585938,144.08287048339844
2061,37,1686,2,150.88299560546875,71.90645599365234,53.59941482543945,114.12469482421875
2062,37,1687,0,100.44103240966797,75.53581237792969,129.58370971679688,116.41979217529297
2063,37,1687,1,94.30854797363281,51.17007827758789,131.59780883789062,145.82972717285156
2064,37,1687,2,149.71005249023438,71.61200714111328,51.95293426513672,114.06986999511719
2065,37,1688,0,101.34979248046875,75.23147583007812,128.67074584960938,117.19478607177734
2066,37,1688,1,95.28675079345703,51.275306701660156,130.7318115234375,147.46205139160156
2067,37,1688,2,149.55152893066406,71.27143859863281,50.35715103149414,114.89854431152344
2068,37,1689,0,102.72305297851562,75.5546875,127.8915023803711,116.67930603027344
2069,37,1689,1,96.71540069580078,50.78831100463867,129.97634887695312,148.50100708007812
2070,37,1689,2,149.94776916503906,71.5972671508789,49.37211608886719,114.35335540771484
2071,37,1690,0,103.3836441040039,75.67544555664062,126.03532409667969,117.1875991821289
2072,37,1690,1,97.49807739257812,51.939849853515625,128.1078643798828,150.14456176757812
2073,37,1690,2,148.74562072753906,71.70710754394531,47.83052444458008,114.9124526977539
